ATK??,Level\??,1,2,3,4,5,6,7,8,9,10,11,12,13,14,15,16,17,18,19,20,21,22,23,24,25,26,27,28,29,30,31,32,33,34,35,36,37,38,39,40,41,42,43,44,45,46,47,48,49,50,51,52,53,54,55,56,57,58,59,60,61,62,63,64,65,66,67,68,69,70,71,72,73,74,75,76,77,78,79,80,81,82,83,84,85,86,87,88,89,90,91,92,93,94,95,96,97,98,99,100
1,???????,1455,1544,1633,1728,1817,1912,2001,2097,2186,2281,2370,2466,2555,2650,2739,2835,2924,3019,3108,3204,3293,3388,3477,3572,3661,3757,3846,3941,4030,4126,4215,4310,4399,4495,4584,4679,4768,4863,4953,5048,5137,5232,5321,5417,5506,5601,5690,5786,5875,5970,6059,6155,6244,6339,6428,6523,6612,6708,6797,6892,6981,7077,7166,7261,7350,7446,7535,7630,7719,7815,7904,7993,8088,8177,8272,8361,8457,8546,8641,8730,8826,8915,9010,9099,9195,9284,9379,9468,9564,9653,9748,9837,9932,10021,10117,10206,10301,10390,10486,10575
2,??????????,1734,1838,1942,2047,2151,2265,2369,2473,2578,2692,2796,2900,3005,3119,3223,3327,3432,3546,3650,3754,3859,3963,4077,4181,4286,4390,4504,4608,4712,4817,4931,5035,5139,5244,5358,5462,5566,5671,5775,5889,5993,6098,6202,6316,6420,6524,6629,6743,6847,6951,7056,7170,7274,7378,7483,7587,7701,7805,7910,8014,8128,8232,8336,8441,8555,8659,8763,8868,8982,9086,9190,9295,9399,9513,9617,9722,9826,9940,10044,10148,10253,10367,10471,10575,10680,10794,10898,11002,11107,11221,11325,11429,11534,11638,11752,11856,11960,12065,12179,12283
3,??????????[Alter](Saber),1708,1716,1733,1759,1784,1827,1870,1921,1972,2041,2109,2177,2263,2348,2442,2536,2638,2749,2869,2980,3108,3236,3364,3501,3646,3791,3936,4090,4244,4398,4560,4722,4884,5047,5217,5380,5551,5721,5892,6054,6225,6396,6567,6729,6900,7062,7224,7387,7549,7703,7856,8010,8155,8300,8446,8582,8710,8838,8967,9078,9197,9308,9411,9505,9598,9684,9769,9838,9906,9974,10025,10077,10111,10136,10162,10179,10196,10213,10230,10248,10350,10461,10563,10675,10786,10888,10999,11110,11213,11324,11435,11537,11648,11759,11862,11973,12084,12186,12297,12408
4,??????????[Lily],1287,1293,1306,1325,1344,1377,1409,1447,1486,1538,1589,1641,1705,1769,1840,1911,1988,2072,2162,2246,2342,2439,2536,2639,2748,2858,2967,3083,3199,3315,3437,3559,3682,3804,3933,4055,4184,4313,4442,4564,4693,4822,4950,5073,5201,5324,5446,5568,5691,5807,5923,6038,6148,6257,6367,6470,6566,6663,6760,6843,6934,7017,7094,7165,7236,7301,7365,7416,7468,7519,7558,7597,7622,7642,7661,7674,7687,7700,7713,7726,7803,7886,7964,8047,8131,8208,8292,8376,8453,8537,8621,8698,8781,8865,8942,9026,9110,9187,9271,9355
5,????????,1574,1723,1881,2038,2196,2345,2503,2652,2802,2952,3093,3235,3377,3519,3653,3779,3912,4031,4157,4267,4385,4487,4590,4692,4779,4873,4952,5031,5102,5172,5228,5283,5330,5377,5417,5448,5472,5487,5503,5511,5519,5527,5535,5543,5566,5598,5637,5684,5732,5787,5842,5913,5984,6062,6141,6236,6322,6425,6527,6629,6747,6858,6984,7102,7236,7362,7496,7637,7779,7921,8063,8212,8362,8511,8669,8819,8976,9134,9291,9449,9543,9645,9740,9842,9945,10039,10142,10244,10338,10441,10543,10638,10740,10842,10937,11039,11142,11236,11339,11441
6,???,1363,1369,1383,1403,1424,1458,1492,1533,1574,1628,1683,1737,1806,1874,1949,2024,2106,2194,2290,2378,2481,2583,2685,2794,2910,3026,3142,3265,3387,3510,3640,3769,3899,4028,4165,4294,4431,4567,4703,4833,4969,5106,5242,5371,5508,5637,5767,5896,6026,6149,6271,6394,6510,6626,6742,6851,6953,7056,7158,7246,7342,7431,7512,7587,7662,7731,7799,7853,7908,7962,8003,8044,8071,8092,8112,8126,8140,8153,8167,8181,8262,8351,8433,8521,8610,8692,8780,8869,8951,9040,9128,9210,9299,9387,9469,9558,9646,9728,9817,9905
7,???????????,1392,1404,1416,1440,1465,1501,1544,1587,1642,1697,1764,1831,1910,1990,2075,2161,2258,2356,2460,2570,2680,2796,2918,3034,3162,3290,3418,3553,3687,3821,3956,4096,4230,4371,4511,4652,4786,4926,5061,5195,5329,5464,5592,5720,5848,5970,6086,6202,6312,6422,6526,6623,6721,6807,6892,6971,7051,7118,7185,7240,7295,7338,7381,7411,7435,7448,7460,7472,7484,7497,7582,7667,7759,7844,7936,8022,8113,8199,8290,8376,8467,8553,8644,8730,8821,8907,8998,9084,9175,9261,9352,9438,9529,9615,9707,9792,9884,9969,10061,10146
8,???,1907,2021,2136,2251,2366,2491,2606,2721,2835,2961,3075,3190,3305,3430,3545,3660,3775,3900,4015,4129,4244,4359,4484,4599,4714,4829,4954,5069,5183,5298,5423,5538,5653,5768,5893,6008,6123,6237,6352,6477,6592,6707,6822,6947,7062,7177,7291,7417,7532,7646,7761,7886,8001,8116,8231,8346,8471,8586,8700,8815,8940,9055,9170,9285,9410,9525,9640,9754,9880,9994,10109,10224,10339,10464,10579,10694,10808,10934,11048,11163,11278,11403,11518,11633,11748,11873,11988,12102,12217,12343,12457,12572,12687,12802,12927,13042,13157,13271,13397,13511
9,??????(Saber),1228,1238,1249,1271,1292,1324,1362,1400,1448,1497,1556,1615,1685,1755,1831,1906,1992,2079,2170,2267,2364,2467,2574,2677,2790,2903,3016,3134,3253,3372,3490,3614,3732,3856,3980,4104,4223,4347,4465,4584,4702,4821,4934,5047,5160,5268,5370,5472,5569,5666,5758,5844,5930,6006,6081,6151,6221,6281,6340,6388,6437,6474,6512,6539,6561,6571,6582,6593,6604,6615,6690,6765,6846,6922,7002,7078,7159,7234,7315,7390,7471,7546,7627,7703,7783,7859,7940,8015,8096,8171,8252,8328,8408,8484,8565,8640,8721,8796,8877,8952
10,????,1460,1598,1744,1890,2037,2175,2321,2460,2599,2738,2869,3001,3132,3264,3388,3505,3629,3739,3856,3958,4067,4162,4257,4352,4433,4520,4593,4666,4732,4798,4849,4900,4944,4988,5024,5054,5075,5090,5105,5112,5119,5127,5134,5141,5163,5192,5229,5273,5317,5368,5419,5485,5550,5623,5696,5784,5864,5959,6054,6149,6259,6361,6478,6588,6712,6829,6953,7084,7216,7347,7479,7618,7756,7895,8041,8180,8326,8472,8618,8765,8852,8947,9035,9130,9225,9312,9407,9502,9590,9685,9780,9868,9963,10057,10145,10240,10335,10423,10518,10613
11,??(Archer),1566,1573,1589,1612,1636,1675,1714,1761,1808,1871,1934,1996,2075,2153,2239,2325,2419,2521,2631,2732,2850,2967,3085,3210,3343,3477,3610,3751,3892,4033,4181,4330,4479,4628,4784,4933,5090,5247,5403,5552,5709,5865,6022,6171,6327,6476,6625,6774,6923,7064,7205,7346,7479,7612,7745,7870,7988,8105,8223,8325,8434,8536,8630,8716,8802,8881,8959,9022,9084,9147,9194,9241,9272,9296,9319,9335,9351,9366,9382,9398,9491,9593,9687,9789,9891,9985,10087,10189,10283,10384,10486,10580,10682,10784,10878,10980,11081,11175,11277,11379
12,?????(Archer),1897,2073,2260,2436,2623,2800,2987,3163,3340,3516,3682,3859,4025,4191,4357,4513,4669,4825,4970,5115,5261,5396,5531,5655,5780,5904,6019,6122,6226,6330,6413,6507,6590,6662,6735,6797,6849,6901,6943,6984,7015,7046,7067,7078,7088,7098,7109,7119,7130,7150,7181,7223,7265,7316,7368,7431,7503,7576,7659,7753,7836,7939,8043,8147,8261,8386,8510,8635,8770,8905,9050,9196,9341,9497,9653,9808,9974,10141,10307,10483,10649,10826,11002,11179,11366,11542,11729,11906,12093,12280,12394,12508,12622,12736,12861,12975,13089,13204,13328,13442
13,???,1247,1323,1400,1482,1558,1640,1717,1799,1875,1957,2034,2116,2192,2274,2351,2433,2510,2592,2668,2750,2827,2909,2985,3067,3144,3226,3302,3384,3461,3543,3620,3702,3778,3860,3937,4019,4095,4177,4254,4336,4412,4494,4571,4653,4730,4812,4888,4970,5047,5129,5205,5287,5364,5446,5522,5604,5681,5763,5840,5922,5998,6080,6157,6239,6315,6397,6474,6556,6632,6715,6791,6868,6950,7026,7108,7185,7267,7343,7425,7502,7584,7660,7742,7819,7901,7978,8060,8136,8218,8295,8377,8453,8535,8612,8694,8770,8852,8929,9011,9088
14,????,1438,1574,1718,1862,2006,2143,2287,2423,2560,2697,2826,2956,3085,3215,3337,3452,3574,3682,3797,3898,4006,4100,4193,4287,4366,4452,4524,4596,4661,4726,4776,4826,4870,4913,4949,4977,4999,5013,5028,5035,5042,5049,5057,5064,5085,5114,5150,5193,5236,5287,5337,5402,5467,5539,5611,5697,5776,5870,5963,6057,6165,6265,6380,6488,6611,6726,6848,6978,7107,7237,7366,7503,7640,7776,7920,8057,8201,8345,8489,8633,8719,8812,8899,8992,9086,9172,9266,9359,9446,9539,9633,9719,9812,9906,9992,10086,10179,10266,10359,10453
15,????,1306,1386,1466,1552,1632,1718,1798,1884,1964,2050,2130,2216,2296,2382,2462,2548,2628,2714,2794,2880,2960,3046,3126,3212,3292,3378,3458,3544,3625,3710,3791,3876,3957,4043,4123,4209,4289,4375,4455,4541,4621,4707,4787,4873,4953,5039,5119,5205,5285,5371,5451,5537,5617,5703,5783,5869,5949,6035,6115,6201,6281,6367,6447,6533,6614,6699,6780,6865,6946,7032,7112,7192,7278,7358,7444,7524,7610,7690,7776,7856,7942,8022,8108,8188,8274,8354,8440,8520,8606,8686,8772,8852,8938,9018,9104,9184,9270,9351,9436,9517
16,???,1057,1133,1214,1294,1375,1456,1537,1618,1699,1780,1861,1942,2023,2103,2184,2265,2346,2427,2508,2589,2665,2746,2827,2908,2989,3070,3150,3231,3312,3393,3474,3555,3636,3717,3798,3879,3959,4040,4121,4202,4278,4359,4440,4521,4602,4683,4764,4845,4926,5006,5087,5168,5249,5330,5411,5492,5573,5654,5735,5816,5892,5973,6053,6134,6215,6296,6377,6458,6539,6620,6701,6782,6862,6943,7024,7105,7186,7267,7348,7424,7505,7586,7667,7748,7829,7909,7990,8071,8152,8233,8314,8395,8476,8557,8638,8718,8799,8880,8961,9037
17,????(Lancer),1344,1473,1609,1744,1874,2004,2133,2263,2393,2517,2635,2758,2870,2982,3094,3200,3301,3401,3495,3584,3666,3749,3825,3896,3955,4014,4073,4120,4161,4197,4226,4250,4267,4279,4285,4291,4297,4309,4326,4350,4379,4415,4456,4503,4562,4621,4680,4751,4827,4910,4993,5081,5175,5275,5376,5482,5594,5706,5818,5942,6060,6183,6313,6443,6572,6702,6832,6967,7103,7239,7321,7404,7492,7575,7663,7745,7834,7916,8005,8087,8176,8258,8347,8429,8518,8600,8689,8771,8860,8942,9031,9113,9202,9284,9372,9455,9543,9626,9714,9797
18,????????,1520,1611,1710,1801,1900,1998,2090,2188,2287,2379,2477,2576,2667,2766,2865,2956,3055,3154,3245,3344,3443,3534,3633,3732,3823,3922,4021,4112,4211,4309,4401,4499,4598,4690,4788,4887,4978,5077,5176,5267,5366,5457,5556,5655,5746,5845,5944,6035,6134,6233,6324,6423,6522,6613,6712,6810,6902,7001,7099,7191,7289,7388,7479,7578,7677,7768,7867,7966,8057,8156,8255,8346,8445,8544,8635,8734,8833,8924,9023,9122,9213,9312,9403,9502,9600,9692,9790,9889,9981,10079,10178,10269,10368,10467,10558,10657,10756,10847,10946,11045
19,?????,1029,1143,1262,1377,1491,1606,1720,1830,1940,2045,2150,2255,2350,2446,2541,2627,2713,2794,2870,2942,3009,3071,3128,3181,3228,3271,3310,3343,3367,3386,3400,3410,3415,3419,3424,3438,3457,3481,3515,3553,3596,3644,3696,3753,3815,3882,3954,4030,4111,4197,4283,4378,4474,4569,4674,4779,4884,4994,5104,5218,5333,5447,5562,5681,5801,5872,5948,6020,6096,6173,6244,6321,6397,6469,6545,6617,6693,6769,6841,6917,6994,7065,7141,7213,7289,7366,7437,7514,7590,7662,7738,7810,7886,7962,8034,8110,8187,8258,8334,8406
20,????[Prototype],1315,1326,1338,1361,1384,1418,1459,1499,1551,1603,1666,1730,1805,1880,1960,2041,2133,2226,2324,2428,2531,2641,2756,2866,2987,3108,3229,3356,3483,3610,3737,3869,3996,4129,4261,4394,4521,4654,4780,4907,5034,5161,5282,5403,5524,5640,5749,5859,5963,6067,6165,6257,6349,6430,6511,6586,6661,6724,6787,6839,6891,6932,6972,7001,7024,7035,7047,7058,7070,7082,7162,7243,7329,7410,7497,7577,7664,7745,7831,7912,7998,8079,8166,8246,8333,8414,8500,8581,8667,8748,8835,8915,9002,9083,9169,9250,9336,9417,9504,9584
21,???????,1168,1297,1433,1563,1693,1823,1953,2077,2202,2321,2440,2559,2667,2776,2884,2982,3079,3171,3258,3339,3415,3485,3550,3610,3664,3713,3756,3794,3821,3843,3859,3870,3875,3880,3886,3902,3924,3951,3989,4032,4081,4135,4194,4259,4330,4406,4487,4574,4666,4763,4861,4969,5077,5185,5305,5424,5543,5667,5792,5922,6052,6182,6312,6447,6583,6664,6750,6832,6918,7005,7086,7173,7259,7341,7427,7508,7595,7682,7763,7850,7936,8017,8104,8185,8272,8359,8440,8526,8613,8694,8781,8862,8949,9035,9117,9203,9290,9371,9458,9539
22,????,1344,1426,1509,1597,1680,1768,1850,1939,2021,2110,2192,2281,2363,2452,2534,2623,2705,2794,2876,2965,3047,3136,3218,3307,3389,3477,3560,3648,3731,3819,3902,3990,4073,4161,4244,4332,4415,4503,4586,4674,4757,4845,4928,5016,5099,5187,5270,5358,5441,5529,5611,5700,5782,5871,5953,6042,6124,6213,6295,6384,6466,6555,6637,6726,6808,6897,6979,7068,7150,7239,7321,7404,7492,7575,7663,7745,7834,7916,8005,8087,8176,8258,8347,8429,8518,8600,8689,8771,8860,8942,9031,9113,9202,9284,9372,9455,9543,9626,9714,9797
23,???(Rider),1337,1419,1501,1589,1671,1759,1841,1929,2011,2099,2181,2269,2351,2439,2521,2609,2691,2779,2861,2949,3031,3119,3201,3289,3371,3459,3541,3629,3711,3799,3881,3969,4051,4139,4221,4309,4391,4479,4561,4649,4731,4819,4901,4989,5071,5159,5241,5329,5411,5499,5581,5669,5751,5839,5921,6009,6091,6179,6261,6349,6431,6519,6601,6689,6772,6859,6942,7029,7112,7200,7282,7364,7452,7534,7622,7704,7792,7874,7962,8044,8132,8214,8302,8384,8472,8554,8642,8724,8812,8894,8982,9064,9152,9234,9322,9404,9492,9574,9662,9744
24,????,929,993,1062,1127,1196,1264,1329,1398,1467,1531,1600,1665,1734,1803,1867,1936,2005,2070,2139,2203,2272,2341,2406,2475,2544,2608,2677,2742,2811,2880,2944,3013,3082,3147,3216,3280,3349,3418,3483,3551,3620,3685,3754,3818,3887,3956,4021,4090,4159,4223,4292,4357,4426,4495,4559,4628,4697,4762,4831,4895,4964,5033,5098,5167,5236,5300,5369,5434,5503,5571,5636,5705,5774,5838,5907,5972,6041,6110,6174,6243,6312,6377,6446,6510,6579,6648,6713,6782,6851,6915,6984,7049,7118,7187,7251,7320,7389,7454,7523,7587
25,??????,1097,1107,1122,1142,1168,1203,1244,1290,1341,1397,1458,1524,1595,1672,1753,1840,1931,2023,2125,2227,2329,2441,2553,2665,2782,2899,3021,3143,3265,3387,3515,3642,3764,3891,4014,4136,4258,4380,4497,4614,4726,4838,4950,5052,5154,5256,5347,5439,5526,5607,5683,5755,5821,5882,5938,5989,6035,6075,6096,6111,6126,6142,6157,6172,6188,6264,6345,6422,6503,6585,6661,6742,6824,6900,6982,7058,7140,7221,7297,7379,7460,7537,7618,7694,7776,7857,7934,8015,8097,8173,8254,8331,8412,8494,8570,8652,8733,8809,8891,8967
26,???,1168,1239,1311,1388,1459,1536,1608,1685,1756,1833,1905,1982,2053,2130,2202,2279,2350,2427,2499,2576,2647,2724,2796,2873,2944,3021,3093,3170,3242,3318,3390,3467,3539,3615,3687,3764,3836,3912,3984,4061,4133,4209,4281,4358,4430,4506,4578,4655,4727,4803,4875,4952,5024,5100,5172,5249,5321,5397,5469,5546,5618,5694,5766,5843,5915,5991,6063,6140,6212,6289,6360,6432,6509,6580,6657,6729,6806,6877,6954,7026,7103,7174,7251,7323,7400,7471,7548,7620,7697,7768,7845,7917,7994,8065,8142,8214,8291,8363,8439,8511
27,???,1314,1440,1573,1705,1832,1959,2086,2212,2339,2460,2575,2696,2806,2915,3025,3129,3226,3324,3417,3503,3584,3664,3739,3808,3866,3924,3981,4027,4068,4102,4131,4154,4171,4183,4189,4195,4200,4212,4229,4252,4281,4316,4356,4402,4460,4517,4575,4644,4719,4800,4880,4967,5059,5157,5255,5358,5468,5577,5687,5808,5923,6044,6171,6298,6424,6551,6678,6810,6943,7076,7156,7237,7323,7404,7490,7571,7657,7738,7825,7905,7992,8072,8159,8239,8326,8407,8493,8574,8660,8741,8827,8908,8994,9075,9161,9242,9328,9409,9496,9576
28,????,1366,1449,1533,1623,1707,1797,1881,1970,2054,2144,2228,2318,2402,2492,2575,2665,2749,2839,2923,3013,3097,3186,3270,3360,3444,3534,3618,3708,3791,3881,3965,4055,4139,4229,4313,4402,4486,4576,4660,4750,4834,4924,5007,5097,5181,5271,5355,5445,5529,5618,5702,5792,5876,5966,6050,6140,6223,6313,6397,6487,6571,6661,6745,6834,6918,7008,7092,7182,7266,7356,7439,7523,7613,7697,7787,7871,7960,8044,8134,8218,8308,8392,8482,8565,8655,8739,8829,8913,9003,9087,9176,9260,9350,9434,9524,9608,9698,9781,9871,9955
29,????????(Rider),1382,1513,1651,1789,1927,2059,2197,2328,2460,2591,2715,2840,2964,3089,3206,3317,3434,3538,3648,3745,3849,3939,4028,4118,4194,4277,4346,4415,4478,4540,4588,4637,4678,4720,4754,4782,4802,4816,4830,4837,4844,4851,4858,4865,4885,4913,4948,4989,5031,5079,5127,5189,5252,5321,5390,5473,5549,5639,5729,5818,5922,6019,6129,6233,6351,6461,6579,6703,6827,6952,7076,7207,7339,7470,7608,7740,7878,8016,8154,8293,8375,8465,8548,8638,8728,8811,8901,8991,9073,9163,9253,9336,9426,9516,9599,9689,9778,9861,9951,10041
30,???(Rider),1335,1415,1501,1582,1668,1755,1835,1922,2009,2089,2176,2263,2343,2430,2517,2597,2684,2770,2851,2937,3024,3104,3191,3278,3358,3445,3532,3612,3699,3786,3866,3953,4039,4120,4206,4293,4373,4460,4547,4627,4714,4794,4881,4968,5048,5135,5222,5302,5389,5475,5556,5642,5729,5809,5896,5983,6063,6150,6237,6317,6404,6491,6571,6658,6744,6825,6911,6998,7078,7165,7252,7332,7419,7506,7586,7673,7760,7840,7927,8014,8094,8180,8261,8347,8434,8514,8601,8688,8768,8855,8942,9022,9109,9196,9276,9363,9449,9530,9616,9703
31,???,1377,1389,1401,1425,1449,1485,1528,1570,1624,1679,1745,1811,1890,1969,2053,2138,2234,2331,2434,2542,2651,2766,2887,3002,3128,3255,3382,3515,3648,3781,3914,4053,4186,4325,4463,4602,4735,4874,5007,5140,5273,5406,5533,5660,5786,5907,6022,6137,6246,6354,6457,6554,6650,6735,6819,6898,6977,7043,7109,7164,7218,7260,7303,7333,7357,7369,7381,7393,7405,7418,7502,7587,7677,7762,7852,7937,8028,8112,8203,8287,8378,8463,8553,8638,8728,8813,8904,8988,9079,9163,9254,9339,9429,9514,9604,9689,9780,9864,9955,10039
32,??????(Caster),1209,1219,1230,1251,1272,1304,1341,1378,1426,1474,1532,1590,1659,1728,1803,1877,1962,2047,2137,2232,2328,2429,2535,2636,2747,2858,2970,3086,3203,3320,3437,3559,3675,3797,3919,4041,4158,4280,4397,4514,4630,4747,4858,4970,5081,5187,5288,5389,5484,5580,5670,5755,5840,5914,5988,6057,6126,6185,6243,6291,6338,6376,6413,6439,6460,6471,6482,6492,6503,6514,6588,6662,6742,6816,6895,6970,7049,7124,7203,7277,7357,7431,7511,7585,7665,7739,7819,7893,7972,8047,8126,8200,8280,8354,8434,8508,8588,8662,8742,8816
33,????????????,1021,1030,1044,1063,1087,1120,1158,1201,1248,1300,1357,1418,1485,1556,1632,1712,1797,1883,1977,2072,2167,2271,2375,2479,2588,2697,2811,2925,3038,3152,3271,3389,3503,3621,3735,3848,3962,4076,4185,4294,4398,4502,4606,4701,4796,4891,4976,5061,5142,5217,5289,5355,5416,5473,5525,5573,5615,5653,5672,5686,5701,5715,5729,5743,5758,5829,5904,5975,6051,6127,6198,6274,6350,6421,6496,6568,6643,6719,6790,6866,6942,7013,7089,7160,7235,7311,7382,7458,7534,7605,7681,7752,7828,7903,7974,8050,8126,8197,8273,8344
34,???????,1028,1037,1051,1070,1094,1128,1166,1209,1256,1309,1366,1428,1495,1567,1643,1724,1810,1896,1991,2086,2182,2287,2392,2497,2606,2716,2831,2945,3060,3174,3293,3413,3527,3646,3761,3875,3990,4104,4214,4324,4429,4533,4638,4734,4829,4925,5010,5096,5177,5254,5325,5392,5454,5511,5564,5611,5654,5693,5712,5726,5740,5755,5769,5783,5798,5869,5945,6017,6093,6170,6241,6317,6394,6465,6542,6613,6689,6766,6837,6914,6990,7062,7138,7209,7286,7362,7434,7510,7586,7658,7734,7806,7882,7958,8030,8106,8183,8254,8330,8402
35,???????,1270,1392,1520,1648,1771,1893,2016,2138,2261,2378,2489,2606,2712,2818,2923,3024,3118,3213,3302,3386,3464,3542,3614,3681,3737,3792,3848,3892,3931,3965,3993,4015,4032,4043,4048,4054,4060,4071,4087,4110,4138,4171,4210,4254,4310,4366,4422,4488,4561,4639,4717,4800,4889,4984,5079,5179,5285,5391,5496,5613,5725,5842,5964,6087,6209,6332,6454,6582,6710,6839,6916,6994,7078,7156,7239,7317,7401,7479,7562,7640,7724,7802,7885,7963,8047,8125,8208,8286,8370,8448,8531,8609,8693,8771,8854,8932,9016,9094,9177,9255
36,??????????????,944,1012,1084,1156,1228,1301,1373,1445,1517,1590,1662,1734,1806,1879,1951,2023,2096,2168,2240,2312,2380,2453,2525,2597,2669,2742,2814,2886,2958,3031,3103,3175,3248,3320,3392,3464,3537,3609,3681,3753,3821,3894,3966,4038,4110,4183,4255,4327,4400,4472,4544,4616,4689,4761,4833,4905,4978,5050,5122,5195,5263,5335,5407,5479,5552,5624,5696,5768,5841,5913,5985,6057,6130,6202,6274,6347,6419,6491,6563,6631,6704,6776,6848,6920,6993,7065,7137,7209,7282,7354,7426,7499,7571,7643,7715,7788,7860,7932,8004,8072
37,????[????II?],1637,1645,1654,1672,1699,1735,1771,1807,1861,1905,1968,2031,2094,2165,2246,2326,2416,2506,2604,2703,2810,2918,3025,3142,3267,3393,3518,3644,3778,3922,4056,4199,4343,4486,4638,4791,4943,5095,5248,5400,5561,5714,5875,6036,6189,6350,6511,6664,6825,6977,7130,7282,7434,7587,7739,7882,8026,8169,8303,8447,8581,8707,8832,8958,9083,9200,9307,9415,9522,9621,9719,9809,9899,9979,10060,10132,10194,10257,10320,10365,10418,10454,10472,10490,10508,10526,10544,10562,10580,10598,10696,10795,10893,10992,11099,11198,11296,11395,11503,11601
38,????(Caster),1222,1339,1463,1586,1704,1822,1939,2057,2175,2288,2395,2507,2609,2711,2813,2909,3000,3091,3177,3258,3333,3408,3477,3542,3595,3649,3702,3745,3783,3815,3842,3863,3879,3890,3895,3901,3906,3917,3933,3954,3981,4013,4051,4093,4147,4201,4254,4318,4388,4463,4538,4618,4704,4795,4886,4983,5085,5186,5288,5401,5508,5620,5738,5856,5974,6092,6210,6333,6456,6580,6655,6730,6810,6885,6965,7040,7121,7196,7276,7351,7431,7506,7587,7662,7742,7817,7898,7973,8053,8128,8208,8283,8364,8439,8519,8594,8674,8749,8830,8905
39,??????,1042,1164,1290,1412,1534,1656,1778,1896,2008,2121,2229,2337,2440,2539,2632,2722,2806,2886,2961,3027,3092,3149,3200,3247,3285,3318,3346,3365,3379,3383,3388,3393,3407,3426,3454,3487,3524,3571,3623,3679,3745,3810,3885,3965,4050,4139,4233,4331,4435,4542,4650,4763,4876,4993,5115,5237,5359,5481,5608,5735,5810,5889,5969,6049,6129,6208,6288,6368,6448,6528,6607,6687,6767,6847,6927,7006,7086,7166,7246,7321,7401,7480,7560,7640,7720,7799,7879,7959,8039,8119,8198,8278,8358,8438,8517,8597,8677,8757,8837,8912
40,????,1114,1191,1274,1351,1434,1516,1594,1677,1759,1837,1919,1997,2080,2162,2240,2322,2405,2482,2565,2643,2725,2808,2885,2968,3051,3128,3211,3288,3371,3454,3531,3614,3697,3774,3857,3934,4017,4099,4177,4260,4342,4420,4502,4580,4663,4745,4823,4905,4988,5065,5148,5226,5308,5391,5468,5551,5634,5711,5794,5871,5954,6037,6114,6197,6280,6357,6440,6517,6600,6682,6760,6843,6925,7003,7085,7163,7246,7328,7406,7488,7571,7648,7731,7809,7891,7974,8051,8134,8217,8294,8377,8454,8537,8620,8697,8780,8863,8940,9023,9100
41,???,1497,1586,1684,1774,1871,1968,2058,2155,2253,2343,2440,2537,2627,2725,2822,2912,3009,3106,3196,3294,3391,3481,3578,3676,3765,3863,3960,4050,4147,4245,4334,4432,4529,4619,4716,4814,4904,5001,5098,5188,5285,5375,5473,5570,5660,5757,5855,5944,6042,6139,6229,6326,6424,6513,6611,6708,6798,6895,6993,7083,7180,7277,7367,7464,7562,7652,7749,7846,7936,8034,8131,8221,8318,8415,8505,8603,8700,8790,8887,8985,9074,9172,9262,9359,9456,9546,9643,9741,9831,9928,10025,10115,10213,10310,10400,10497,10594,10684,10782,10879
42,??,1338,1467,1602,1737,1866,1995,2124,2253,2382,2505,2623,2746,2858,2969,3081,3186,3286,3386,3480,3568,3650,3732,3808,3879,3937,3996,4055,4102,4143,4178,4207,4231,4249,4260,4266,4272,4278,4290,4307,4331,4360,4395,4436,4483,4542,4601,4659,4730,4806,4888,4970,5058,5152,5252,5352,5458,5569,5681,5792,5915,6033,6156,6285,6414,6543,6672,6802,6937,7072,7207,7289,7371,7459,7541,7629,7711,7799,7881,7969,8052,8140,8222,8310,8392,8480,8562,8650,8732,8820,8903,8991,9073,9161,9243,9331,9413,9501,9583,9671,9754
43,????????,968,976,990,1008,1030,1062,1098,1138,1183,1232,1286,1344,1407,1475,1546,1623,1704,1784,1874,1964,2054,2152,2251,2350,2453,2556,2664,2772,2879,2987,3099,3212,3319,3431,3539,3647,3755,3862,3965,4069,4167,4266,4365,4455,4544,4634,4715,4796,4872,4944,5011,5074,5132,5186,5236,5280,5321,5357,5375,5388,5402,5415,5429,5442,5456,5523,5595,5662,5734,5806,5873,5945,6017,6084,6156,6223,6295,6367,6434,6506,6578,6645,6717,6784,6856,6928,6995,7067,7139,7206,7278,7345,7417,7489,7556,7628,7700,7767,7839,7906
44,????,1003,1072,1147,1216,1291,1365,1435,1509,1584,1654,1728,1798,1872,1947,2016,2091,2165,2235,2309,2379,2454,2528,2598,2672,2747,2816,2891,2961,3035,3109,3179,3254,3328,3398,3472,3542,3616,3691,3761,3835,3909,3979,4054,4123,4198,4272,4342,4416,4491,4561,4635,4705,4779,4854,4923,4998,5072,5142,5216,5286,5360,5435,5505,5579,5654,5723,5798,5867,5942,6016,6086,6160,6235,6305,6379,6449,6523,6598,6667,6742,6816,6886,6960,7030,7105,7179,7249,7323,7398,7467,7542,7612,7686,7760,7830,7905,7979,8049,8123,8193
45,?????,977,1091,1210,1324,1439,1553,1667,1777,1883,1989,2090,2191,2288,2380,2468,2552,2631,2706,2776,2838,2899,2952,3001,3045,3080,3111,3137,3155,3168,3172,3177,3181,3194,3212,3238,3269,3304,3348,3397,3449,3511,3573,3643,3718,3797,3881,3969,4061,4158,4259,4360,4466,4571,4681,4796,4910,5025,5139,5258,5377,5447,5522,5597,5671,5746,5821,5896,5971,6045,6120,6195,6270,6345,6419,6494,6569,6644,6719,6793,6864,6939,7013,7088,7163,7238,7313,7387,7462,7537,7612,7687,7761,7836,7911,7986,8061,8135,8210,8285,8355
46,???,1568,1575,1591,1615,1638,1677,1716,1764,1811,1873,1936,1999,2077,2156,2242,2328,2422,2524,2634,2736,2853,2971,3088,3214,3347,3480,3614,3755,3896,4037,4186,4335,4484,4633,4790,4939,5096,5252,5409,5558,5715,5872,6028,6177,6334,6483,6632,6781,6930,7071,7212,7353,7487,7620,7753,7879,7996,8114,8232,8333,8443,8545,8639,8725,8812,8890,8968,9031,9094,9157,9204,9251,9282,9306,9329,9345,9360,9376,9392,9408,9502,9604,9698,9800,9901,9996,10097,10199,10293,10395,10497,10591,10693,10795,10889,10991,11093,11187,11289,11391
47,?????,1775,1943,2121,2298,2476,2645,2822,2991,3160,3329,3488,3648,3808,3968,4119,4261,4412,4545,4687,4811,4945,5060,5176,5291,5389,5495,5584,5673,5753,5833,5895,5957,6010,6064,6108,6143,6170,6188,6206,6215,6223,6232,6241,6250,6277,6312,6357,6410,6463,6525,6587,6667,6747,6836,6925,7031,7129,7245,7360,7475,7609,7733,7875,8008,8159,8301,8452,8612,8772,8932,9092,9260,9429,9598,9775,9944,10122,10299,10477,10655,10761,10877,10983,11099,11214,11321,11436,11551,11658,11773,11889,11995,12111,12226,12333,12448,12564,12670,12786,12901
48,????(Berserker),1746,1754,1772,1798,1824,1868,1911,1964,2016,2086,2156,2226,2313,2400,2496,2592,2697,2811,2933,3046,3177,3308,3439,3579,3727,3876,4024,4181,4339,4496,4662,4828,4993,5159,5334,5500,5674,5849,6024,6190,6364,6539,6713,6879,7054,7220,7386,7552,7718,7875,8032,8189,8337,8486,8634,8774,8905,9036,9167,9280,9403,9516,9621,9717,9813,9900,9988,10057,10127,10197,10249,10302,10337,10363,10389,10407,10424,10442,10459,10477,10581,10695,10800,10913,11027,11131,11245,11358,11463,11577,11690,11795,11908,12022,12127,12240,12354,12458,12572,12685
49,????,1507,1652,1804,1956,2102,2247,2393,2538,2683,2822,2955,3093,3219,3345,3470,3589,3702,3814,3920,4019,4112,4204,4290,4369,4436,4502,4568,4621,4667,4707,4740,4766,4786,4799,4806,4813,4819,4832,4852,4879,4912,4951,4998,5051,5117,5183,5249,5328,5414,5507,5599,5699,5804,5917,6029,6148,6274,6399,6525,6664,6796,6935,7080,7226,7371,7517,7662,7814,7966,8119,8211,8304,8403,8495,8595,8687,8786,8879,8978,9071,9170,9262,9362,9454,9553,9646,9745,9838,9937,10029,10129,10221,10320,10413,10512,10605,10704,10796,10896,10988
50,?????,922,1029,1142,1249,1357,1465,1573,1677,1777,1876,1972,2067,2158,2246,2329,2408,2482,2553,2619,2677,2735,2785,2831,2872,2906,2935,2960,2976,2989,2993,2997,3001,3014,3030,3055,3084,3117,3159,3205,3254,3312,3371,3437,3508,3582,3661,3744,3831,3923,4018,4114,4213,4313,4417,4525,4632,4740,4848,4960,5073,5139,5209,5280,5351,5421,5492,5562,5633,5703,5774,5845,5915,5986,6056,6127,6197,6268,6339,6409,6476,6546,6617,6687,6758,6828,6899,6970,7040,7111,7181,7252,7322,7393,7463,7534,7605,7675,7746,7816,7883
51,????(Berserker),1964,2146,2340,2522,2716,2899,3092,3275,3457,3640,3812,3995,4167,4339,4511,4672,4833,4994,5145,5295,5446,5586,5725,5854,5983,6112,6230,6338,6445,6553,6639,6736,6822,6897,6972,7037,7090,7144,7187,7230,7262,7295,7316,7327,7338,7348,7359,7370,7380,7402,7434,7477,7520,7574,7628,7692,7767,7843,7929,8025,8111,8219,8326,8434,8552,8681,8810,8939,9079,9218,9369,9519,9670,9831,9992,10153,10325,10497,10669,10852,11024,11207,11389,11572,11766,11948,12142,12325,12518,12712,12830,12948,13066,13184,13313,13432,13550,13668,13797,13915
52,?????,1777,1786,1796,1815,1845,1883,1922,1961,2020,2068,2136,2204,2272,2350,2438,2525,2622,2720,2826,2933,3050,3167,3283,3410,3546,3682,3818,3954,4100,4256,4401,4557,4713,4868,5033,5199,5364,5529,5694,5860,6035,6200,6375,6550,6715,6890,7065,7231,7406,7571,7736,7901,8067,8232,8397,8553,8708,8864,9010,9165,9311,9447,9583,9719,9855,9982,10099,10215,10332,10439,10546,10643,10740,10828,10915,10993,11061,11129,11197,11246,11304,11343,11362,11382,11401,11421,11440,11460,11479,11499,11605,11712,11819,11926,12043,12150,12257,12364,12480,12587
53,??????,1097,1176,1260,1344,1427,1511,1595,1679,1763,1847,1931,2015,2099,2183,2267,2351,2435,2519,2603,2687,2766,2850,2934,3018,3102,3186,3270,3354,3438,3522,3606,3690,3774,3858,3942,4026,4110,4194,4278,4362,4441,4525,4609,4693,4777,4861,4945,5029,5113,5197,5281,5365,5449,5533,5617,5701,5785,5869,5953,6037,6116,6200,6284,6367,6451,6535,6619,6703,6787,6871,6955,7039,7123,7207,7291,7375,7459,7543,7627,7706,7790,7874,7958,8042,8126,8210,8294,8378,8462,8546,8630,8714,8798,8882,8966,9050,9134,9218,9302,9381
54,????,1211,1222,1239,1261,1289,1329,1373,1424,1480,1542,1610,1683,1761,1846,1935,2031,2132,2233,2346,2458,2571,2694,2818,2941,3071,3200,3335,3470,3605,3740,3880,4021,4155,4296,4431,4566,4701,4835,4965,5094,5218,5341,5465,5577,5690,5802,5903,6004,6100,6190,6274,6353,6426,6493,6555,6611,6662,6707,6729,6746,6763,6780,6797,6814,6831,6915,7005,7089,7179,7269,7353,7443,7533,7617,7707,7792,7881,7971,8056,8146,8236,8320,8410,8494,8584,8674,8758,8848,8938,9022,9112,9197,9286,9376,9461,9551,9641,9725,9815,9899
55,?????,1412,1498,1585,1678,1765,1858,1944,2037,2124,2217,2304,2397,2483,2576,2663,2756,2843,2936,3022,3115,3202,3295,3382,3475,3562,3654,3741,3834,3921,4014,4101,4194,4280,4373,4460,4553,4640,4733,4819,4912,4999,5092,5179,5272,5358,5451,5538,5631,5718,5811,5897,5990,6077,6170,6257,6350,6436,6529,6616,6709,6796,6889,6976,7068,7155,7248,7335,7428,7515,7608,7694,7781,7874,7961,8054,8140,8233,8320,8413,8500,8593,8679,8772,8859,8952,9039,9132,9218,9311,9398,9491,9578,9671,9758,9850,9937,10030,10117,10210,10297
56,??(Berserker),1233,1308,1384,1465,1541,1622,1698,1779,1855,1936,2012,2093,2169,2250,2326,2407,2482,2564,2639,2721,2796,2877,2953,3034,3110,3191,3267,3348,3424,3505,3581,3662,3738,3819,3895,3976,4052,4133,4209,4290,4365,4447,4522,4604,4679,4760,4836,4917,4993,5074,5150,5231,5307,5388,5464,5545,5621,5702,5778,5859,5935,6016,6092,6173,6248,6330,6405,6487,6562,6644,6719,6795,6876,6952,7033,7109,7190,7266,7347,7423,7504,7580,7661,7737,7818,7893,7975,8050,8132,8207,8288,8364,8445,8521,8602,8678,8759,8835,8916,8992
57,?????,1116,1193,1276,1354,1436,1519,1597,1679,1762,1840,1923,2000,2083,2166,2243,2326,2409,2487,2569,2647,2730,2813,2890,2973,3056,3133,3216,3294,3377,3459,3537,3620,3703,3780,3863,3941,4023,4106,4184,4266,4349,4427,4510,4587,4670,4753,4830,4913,4996,5074,5156,5234,5317,5400,5477,5560,5643,5720,5803,5881,5964,6046,6124,6207,6290,6367,6450,6528,6610,6693,6771,6853,6936,7014,7097,7174,7257,7340,7417,7500,7583,7661,7743,7821,7904,7987,8064,8147,8230,8307,8390,8468,8551,8633,8711,8794,8877,8954,9037,9115
58,???,1504,1646,1797,1947,2098,2241,2391,2534,2677,2820,2955,3091,3226,3361,3489,3610,3738,3850,3971,4076,4189,4287,4384,4482,4565,4655,4730,4806,4873,4941,4994,5046,5091,5137,5174,5204,5227,5242,5257,5265,5272,5280,5287,5295,5317,5347,5385,5430,5475,5528,5580,5648,5716,5791,5866,5957,6039,6137,6235,6333,6445,6551,6671,6784,6912,7032,7160,7295,7431,7566,7702,7845,7987,8130,8281,8424,8574,8725,8875,9026,9116,9214,9304,9402,9499,9590,9687,9785,9875,9973,10071,10161,10259,10357,10447,10545,10643,10733,10831,10929
59,??,1482,1619,1765,1903,2049,2187,2333,2471,2609,2747,2877,3014,3144,3274,3404,3525,3647,3769,3882,3996,4109,4215,4320,4418,4515,4612,4702,4783,4864,4945,5010,5083,5148,5204,5261,5310,5350,5391,5423,5456,5480,5505,5521,5529,5537,5545,5553,5561,5569,5586,5610,5642,5675,5715,5756,5805,5861,5918,5983,6056,6121,6202,6283,6364,6454,6551,6648,6746,6851,6956,7070,7184,7297,7419,7540,7662,7792,7922,8051,8189,8319,8457,8595,8733,8879,9017,9163,9301,9447,9593,9682,9771,9860,9949,10047,10136,10225,10314,10412,10501
60,???,1716,1847,1978,2119,2251,2382,2523,2655,2786,2918,3049,3180,3312,3434,3566,3688,3810,3932,4054,4176,4289,4401,4514,4627,4739,4843,4946,5049,5153,5247,5340,5434,5519,5613,5697,5772,5857,5932,5998,6073,6139,6204,6261,6326,6383,6430,6486,6552,6608,6674,6740,6815,6881,6956,7040,7115,7200,7294,7378,7472,7566,7660,7763,7867,7970,8073,8186,8299,8411,8524,8637,8759,8881,9003,9125,9247,9379,9501,9632,9764,9895,10027,10158,10289,10430,10562,10693,10834,10966,11107,11210,11313,11416,11520,11632,11736,11839,11942,12055,12158
61,????????[???],1436,1550,1665,1780,1895,2017,2132,2247,2355,2469,2584,2692,2800,2907,3015,3123,3223,3331,3424,3525,3625,3719,3812,3898,3984,4071,4157,4236,4315,4394,4465,4537,4602,4667,4731,4789,4846,4896,4954,4997,5047,5090,5148,5198,5255,5313,5377,5442,5507,5578,5650,5729,5808,5887,5973,6059,6146,6232,6325,6418,6519,6619,6713,6821,6921,7029,7136,7244,7352,7460,7574,7689,7797,7912,8027,8149,8264,8379,8493,8616,8702,8795,8881,8975,9068,9154,9247,9341,9427,9520,9614,9700,9793,9886,9973,10066,10159,10245,10339,10432
62,???(Caster),1629,1727,1825,1923,2021,2128,2226,2324,2422,2529,2627,2725,2823,2930,3028,3127,3225,3332,3430,3528,3626,3724,3831,3929,4027,4125,4232,4330,4428,4527,4634,4732,4830,4928,5035,5133,5231,5329,5427,5534,5632,5730,5828,5935,6033,6132,6230,6337,6435,6533,6631,6738,6836,6934,7032,7130,7237,7335,7433,7532,7639,7737,7835,7933,8040,8138,8236,8334,8441,8539,8637,8735,8833,8940,9039,9137,9235,9342,9440,9538,9636,9743,9841,9939,10037,10144,10242,10340,10438,10546,10644,10742,10840,10938,11045,11143,11241,11339,11446,11544
63,??,1436,1549,1669,1782,1902,2015,2129,2248,2362,2469,2582,2689,2796,2903,3011,3111,3212,3307,3407,3496,3590,3678,3767,3848,3924,4006,4075,4151,4220,4283,4346,4403,4460,4510,4560,4604,4655,4705,4762,4819,4882,4945,5014,5090,5159,5241,5316,5398,5486,5575,5669,5757,5858,5953,6053,6154,6261,6368,6476,6583,6696,6803,6917,7036,7150,7263,7383,7496,7616,7736,7824,7912,8006,8095,8189,8277,8372,8460,8555,8643,8737,8825,8920,9008,9103,9191,9285,9374,9468,9556,9651,9739,9833,9922,10016,10104,10199,10287,10382,10470
64,????,1286,1364,1443,1528,1607,1692,1771,1855,1934,2019,2098,2183,2262,2346,2425,2510,2589,2673,2752,2837,2916,3001,3080,3164,3243,3328,3407,3492,3571,3655,3734,3819,3898,3982,4061,4146,4225,4310,4389,4473,4552,4637,4716,4800,4879,4964,5043,5128,5207,5291,5370,5455,5534,5619,5698,5782,5861,5946,6025,6109,6188,6273,6352,6437,6516,6600,6679,6764,6843,6928,7006,7085,7170,7249,7334,7413,7497,7576,7661,7740,7825,7904,7988,8067,8152,8231,8315,8394,8479,8558,8643,8722,8806,8885,8970,9049,9134,9213,9297,9376
65,????????,1750,1912,2085,2247,2420,2583,2755,2918,3081,3243,3397,3559,3713,3866,4019,4163,4306,4450,4584,4718,4852,4977,5101,5216,5331,5446,5551,5647,5743,5838,5915,6001,6078,6145,6212,6269,6317,6365,6403,6442,6470,6499,6518,6528,6538,6547,6557,6566,6576,6595,6624,6662,6700,6748,6796,6854,6921,6988,7064,7150,7227,7323,7418,7514,7620,7735,7849,7964,8089,8213,8347,8481,8615,8759,8903,9046,9200,9353,9506,9669,9822,9985,10148,10310,10483,10646,10818,10981,11153,11326,11431,11536,11642,11747,11862,11967,12072,12178,12293,12398
66,?????&?????(Rider),1504,1549,1601,1654,1714,1774,1842,1902,1978,2045,2121,2203,2279,2361,2452,2542,2632,2723,2820,2918,3016,3121,3219,3332,3437,3543,3656,3769,3881,4002,4115,4235,4355,4468,4589,4717,4837,4957,5078,5198,5326,5447,5567,5687,5808,5936,6056,6169,6289,6410,6523,6643,6756,6869,6982,7087,7192,7305,7403,7508,7606,7704,7802,7892,7983,8073,8163,8246,8321,8404,8479,8547,8622,8682,8750,8810,8870,8923,8976,9029,9119,9217,9307,9405,9503,9593,9691,9789,9879,9977,10074,10165,10263,10360,10451,10549,10646,10737,10835,10932
67,???[Lily],1294,1416,1546,1675,1805,1928,2057,2180,2303,2426,2543,2659,2776,2892,3002,3106,3216,3313,3416,3507,3604,3688,3772,3856,3928,4005,4070,4135,4193,4251,4297,4342,4381,4419,4452,4478,4497,4510,4523,4530,4536,4542,4549,4555,4575,4601,4633,4672,4711,4756,4801,4860,4918,4983,5047,5125,5196,5280,5364,5449,5546,5636,5740,5837,5947,6050,6160,6277,6393,6510,6626,6749,6872,6995,7125,7248,7377,7507,7636,7766,7843,7927,8005,8089,8173,8251,8335,8419,8497,8581,8665,8743,8827,8911,8989,9073,9157,9235,9319,9403
68,????,1865,2038,2222,2395,2579,2752,2936,3109,3283,3456,3619,3793,3956,4119,4283,4436,4589,4742,4885,5027,5170,5303,5436,5558,5680,5803,5915,6017,6119,6221,6303,6395,6476,6548,6619,6680,6731,6782,6823,6864,6895,6925,6946,6956,6966,6976,6986,6997,7007,7027,7058,7099,7139,7190,7241,7303,7374,7446,7527,7619,7701,7803,7905,8007,8119,8241,8364,8486,8619,8752,8894,9037,9180,9333,9486,9639,9802,9966,10129,10302,10466,10639,10813,10986,11170,11343,11527,11700,11884,12068,12180,12292,12404,12516,12639,12751,12863,12976,13098,13210
69,????,1582,1676,1779,1874,1977,2080,2175,2278,2381,2476,2578,2681,2776,2879,2982,3077,3180,3283,3378,3480,3583,3678,3781,3884,3979,4082,4185,4279,4382,4485,4580,4683,4786,4881,4984,5087,5181,5284,5387,5482,5585,5680,5783,5886,5981,6083,6186,6281,6384,6487,6582,6685,6788,6883,6985,7088,7183,7286,7389,7484,7587,7690,7785,7887,7990,8085,8188,8291,8386,8489,8592,8686,8789,8892,8987,9090,9193,9288,9391,9494,9588,9691,9786,9889,9992,10087,10190,10293,10388,10490,10593,10688,10791,10894,10989,11092,11195,11290,11392,11495
70,???(Lancer),1758,1863,1969,2075,2181,2296,2402,2508,2613,2729,2835,2940,3046,3162,3267,3373,3479,3594,3700,3806,3912,4017,4133,4239,4344,4450,4566,4671,4777,4883,4998,5104,5210,5316,5431,5537,5643,5749,5854,5970,6076,6181,6287,6403,6508,6614,6720,6835,6941,7047,7153,7268,7374,7480,7585,7691,7807,7912,8018,8124,8239,8345,8451,8557,8672,8778,8884,8989,9105,9211,9316,9422,9528,9643,9749,9855,9961,10076,10182,10288,10394,10509,10615,10721,10826,10942,11048,11153,11259,11375,11480,11586,11692,11798,11913,12019,12125,12230,12346,12452
71,????????,1277,1400,1529,1657,1781,1904,2027,2150,2273,2391,2503,2621,2727,2833,2940,3041,3136,3231,3321,3405,3483,3561,3634,3701,3757,3813,3869,3914,3953,3987,4015,4037,4054,4065,4071,4077,4082,4093,4110,4133,4161,4194,4233,4278,4334,4390,4446,4513,4586,4665,4743,4827,4917,5012,5107,5208,5314,5421,5527,5645,5757,5874,5997,6121,6244,6367,6490,6619,6748,6877,6955,7033,7117,7196,7280,7358,7442,7521,7605,7683,7767,7845,7929,8008,8092,8170,8254,8333,8417,8495,8579,8657,8741,8820,8904,8982,9066,9145,9229,9307
72,?????????,1385,1494,1609,1719,1834,1943,2053,2168,2278,2381,2490,2593,2697,2800,2903,3000,3098,3189,3286,3371,3462,3547,3632,3711,3784,3863,3930,4003,4070,4130,4191,4246,4301,4349,4398,4440,4489,4537,4592,4647,4708,4768,4835,4908,4975,5054,5127,5206,5291,5376,5467,5552,5649,5740,5837,5935,6038,6141,6245,6348,6457,6560,6670,6785,6895,7004,7119,7229,7344,7460,7545,7630,7721,7806,7897,7982,8073,8158,8249,8334,8425,8510,8602,8687,8778,8863,8954,9039,9130,9215,9306,9391,9482,9568,9659,9744,9835,9920,10011,10096
73,??????????[Santa Alter],1543,1589,1643,1697,1759,1820,1890,1951,2029,2098,2175,2260,2337,2422,2515,2607,2700,2792,2893,2993,3093,3201,3302,3417,3525,3633,3749,3865,3980,4104,4220,4343,4466,4582,4706,4837,4960,5084,5207,5331,5462,5585,5709,5832,5955,6087,6210,6326,6449,6573,6688,6812,6928,7043,7159,7267,7375,7491,7591,7699,7799,7900,8000,8093,8185,8278,8370,8455,8532,8617,8694,8764,8841,8903,8972,9034,9095,9149,9203,9258,9350,9450,9543,9643,9744,9836,9936,10037,10129,10230,10330,10422,10523,10623,10716,10816,10916,11009,11109,11209
74,??,1438,1524,1617,1704,1797,1891,1977,2070,2164,2250,2344,2437,2523,2617,2710,2797,2890,2984,3070,3163,3257,3343,3437,3530,3616,3710,3803,3890,3983,4077,4163,4256,4350,4436,4530,4623,4709,4803,4896,4983,5076,5162,5256,5349,5436,5529,5623,5709,5802,5896,5982,6076,6169,6255,6349,6442,6529,6622,6716,6802,6895,6989,7075,7169,7262,7349,7442,7535,7622,7715,7809,7895,7989,8082,8168,8262,8355,8442,8535,8629,8715,8808,8895,8988,9082,9168,9261,9355,9441,9535,9628,9714,9808,9901,9988,10081,10175,10261,10354,10448
75,?????,1786,1922,2059,2206,2342,2479,2626,2763,2899,3036,3173,3310,3447,3574,3710,3837,3964,4091,4218,4346,4463,4580,4697,4815,4932,5039,5147,5254,5362,5459,5557,5655,5743,5840,5928,6007,6095,6173,6241,6319,6388,6456,6515,6583,6642,6691,6749,6818,6876,6945,7013,7091,7160,7238,7326,7404,7492,7589,7677,7775,7873,7971,8078,8186,8293,8400,8518,8635,8752,8869,8987,9114,9241,9368,9495,9622,9759,9886,10022,10159,10296,10433,10570,10706,10853,10990,11127,11273,11410,11557,11664,11771,11879,11986,12104,12211,12319,12426,12543,12651
76,????(Saber),1811,1949,2088,2237,2375,2514,2663,2802,2940,3079,3218,3357,3496,3624,3763,3892,4021,4150,4279,4407,4526,4645,4764,4883,5002,5111,5220,5329,5438,5537,5637,5736,5825,5924,6013,6092,6182,6261,6330,6410,6479,6548,6608,6677,6737,6786,6846,6915,6975,7044,7113,7193,7262,7341,7431,7510,7599,7698,7787,7887,7986,8085,8194,8303,8412,8521,8640,8759,8878,8997,9116,9245,9373,9502,9631,9760,9899,10028,10166,10305,10444,10583,10721,10860,11009,11148,11286,11435,11574,11723,11832,11941,12050,12159,12278,12387,12496,12605,12724,12833
77,???????,1820,1989,2168,2337,2517,2686,2865,3035,3204,3373,3533,3702,3862,4021,4180,4330,4479,4629,4768,4907,5047,5176,5306,5425,5545,5664,5774,5874,5973,6073,6153,6242,6322,6392,6461,6521,6571,6621,6661,6700,6730,6760,6780,6790,6800,6810,6820,6830,6840,6860,6890,6929,6969,7019,7069,7129,7198,7268,7348,7438,7517,7617,7716,7816,7926,8045,8165,8284,8414,8543,8683,8822,8962,9111,9260,9410,9569,9729,9888,10057,10217,10386,10555,10725,10904,11073,11253,11422,11601,11781,11890,12000,12109,12219,12338,12448,12557,12667,12787,12896
78,??????????[Alter](Lancer),1661,1710,1768,1827,1893,1960,2034,2101,2184,2259,2342,2433,2516,2607,2707,2807,2907,3006,3114,3222,3330,3447,3554,3679,3795,3912,4036,4161,4286,4418,4543,4676,4809,4933,5066,5208,5341,5473,5606,5739,5880,6013,6146,6279,6412,6553,6686,6811,6944,7077,7201,7334,7459,7583,7708,7824,7941,8065,8173,8289,8397,8505,8613,8713,8813,8913,9012,9104,9187,9278,9361,9436,9519,9585,9660,9727,9793,9851,9909,9968,10067,10175,10275,10383,10491,10591,10699,10807,10906,11014,11122,11222,11330,11438,11538,11646,11754,11853,11961,12069
79,?????????????,1246,1322,1399,1480,1557,1639,1715,1797,1874,1956,2032,2114,2191,2273,2349,2431,2508,2590,2666,2748,2825,2907,2983,3065,3142,3224,3300,3382,3459,3541,3617,3699,3776,3858,3934,4016,4093,4175,4251,4333,4410,4492,4568,4650,4727,4809,4885,4967,5044,5126,5202,5284,5361,5443,5519,5601,5678,5760,5836,5918,5995,6077,6153,6235,6312,6394,6470,6552,6629,6711,6787,6864,6945,7022,7104,7180,7262,7339,7421,7497,7579,7656,7738,7814,7896,7973,8055,8131,8213,8290,8372,8448,8530,8607,8689,8765,8847,8924,9006,9082
80,???????,1113,1122,1132,1152,1171,1200,1235,1269,1313,1357,1410,1464,1528,1591,1659,1728,1806,1884,1967,2055,2143,2236,2333,2426,2529,2631,2734,2841,2949,3056,3163,3276,3383,3495,3608,3720,3827,3940,4047,4155,4262,4369,4472,4575,4677,4775,4868,4960,5048,5136,5219,5297,5375,5444,5512,5576,5639,5693,5746,5790,5834,5869,5903,5927,5947,5956,5966,5976,5986,5996,6064,6132,6205,6274,6347,6415,6489,6557,6630,6699,6772,6840,6914,6982,7055,7123,7197,7265,7338,7407,7480,7548,7622,7690,7763,7832,7905,7973,8046,8115
81,??????&??,1173,1245,1317,1394,1466,1543,1615,1692,1764,1842,1914,1991,2063,2140,2212,2289,2361,2439,2511,2588,2660,2737,2809,2886,2959,3036,3108,3185,3257,3334,3406,3484,3556,3633,3705,3782,3854,3931,4003,4081,4153,4230,4302,4379,4451,4528,4600,4678,4750,4827,4899,4976,5048,5125,5197,5275,5347,5424,5496,5573,5645,5722,5795,5872,5944,6021,6093,6170,6242,6320,6392,6464,6541,6613,6690,6762,6839,6911,6989,7061,7138,7210,7287,7359,7436,7508,7586,7658,7735,7807,7884,7956,8033,8106,8183,8255,8332,8404,8481,8553
81+,??????&??[???],1173,1245,1317,1394,1466,1543,1615,1692,1764,1842,1914,1991,2063,2140,2212,2289,2361,2439,2511,2588,2660,2737,2809,2886,2959,3036,3108,3185,3257,3334,3406,3484,3556,3633,3705,3782,3854,3931,4003,4081,4153,4230,4302,4379,4451,4528,4600,4678,4750,4827,4899,4976,5048,5125,5197,5275,5347,5424,5496,5573,5645,5722,5795,5872,5944,6021,6093,6170,6242,6320,6392,6464,6541,6613,6690,6762,6839,6911,6989,7061,7138,7210,7287,7359,7436,7508,7586,7658,7735,7807,7884,7956,8033,8106,8183,8255,8332,8404,8481,8553
82,?????,1573,1698,1824,1950,2076,2210,2336,2462,2580,2705,2831,2949,3067,3185,3303,3421,3532,3650,3752,3862,3972,4075,4177,4271,4366,4460,4554,4641,4728,4814,4893,4971,5042,5113,5184,5247,5310,5365,5428,5475,5530,5577,5640,5695,5758,5821,5892,5963,6034,6112,6191,6278,6364,6451,6545,6639,6734,6828,6931,7033,7143,7253,7355,7474,7584,7702,7820,7938,8056,8174,8300,8426,8544,8669,8795,8929,9055,9181,9307,9441,9535,9637,9732,9834,9936,10031,10133,10235,10330,10432,10534,10629,10731,10833,10928,11030,11132,11227,11329,11431
83,???,1645,1744,1843,1942,2041,2149,2248,2347,2446,2554,2653,2752,2851,2959,3058,3157,3256,3364,3464,3563,3662,3761,3869,3968,4067,4166,4274,4373,4472,4571,4679,4778,4877,4976,5084,5183,5283,5382,5481,5589,5688,5787,5886,5994,6093,6192,6291,6399,6498,6597,6696,6804,6903,7002,7102,7201,7309,7408,7507,7606,7714,7813,7912,8011,8119,8218,8317,8416,8524,8623,8722,8821,8921,9029,9128,9227,9326,9434,9533,9632,9731,9839,9938,10037,10136,10244,10343,10442,10541,10650,10749,10848,10947,11046,11154,11253,11352,11451,11559,11658
84,???,1907,2053,2199,2355,2501,2647,2804,2950,3096,3242,3388,3534,3680,3816,3962,4098,4234,4369,4505,4640,4766,4891,5016,5141,5267,5381,5496,5611,5726,5830,5934,6039,6133,6237,6331,6414,6508,6592,6665,6748,6821,6894,6957,7030,7093,7145,7207,7281,7343,7416,7489,7573,7646,7729,7823,7907,8001,8105,8199,8303,8408,8512,8627,8741,8856,8971,9096,9221,9347,9472,9597,9733,9868,10004,10140,10275,10421,10557,10703,10849,10995,11141,11288,11434,11590,11736,11882,12039,12185,12342,12456,12571,12686,12801,12926,13041,13155,13270,13395,13510
85,???,1850,2022,2204,2376,2558,2730,2913,3085,3257,3429,3591,3763,3925,4087,4249,4401,4553,4705,4847,4989,5130,5262,5394,5515,5637,5758,5870,5971,6072,6173,6254,6345,6426,6497,6568,6629,6680,6730,6771,6811,6842,6872,6892,6902,6913,6923,6933,6943,6953,6973,7004,7044,7085,7135,7186,7247,7318,7388,7469,7561,7642,7743,7844,7945,8057,8178,8300,8421,8553,8685,8826,8968,9110,9262,9414,9566,9728,9890,10052,10224,10386,10558,10730,10902,11084,11257,11439,11611,11793,11976,12087,12198,12310,12421,12543,12654,12765,12877,12998,13110
86,?????X,1817,1926,2035,2145,2254,2373,2483,2592,2702,2821,2930,3040,3149,3268,3378,3487,3596,3716,3825,3935,4044,4153,4273,4382,4491,4601,4720,4830,4939,5048,5168,5277,5386,5496,5615,5724,5834,5943,6053,6172,6281,6391,6500,6619,6729,6838,6948,7067,7176,7286,7395,7514,7624,7733,7843,7952,8071,8181,8290,8399,8519,8628,8738,8847,8966,9076,9185,9294,9414,9523,9632,9742,9851,9971,10080,10189,10299,10418,10527,10637,10746,10866,10975,11084,11194,11313,11422,11532,11641,11761,11870,11979,12089,12198,12317,12427,12536,12646,12765,12874
87,???????,1488,1629,1778,1927,2075,2217,2366,2507,2648,2790,2924,3058,3192,3326,3452,3571,3698,3809,3928,4033,4144,4241,4338,4435,4516,4606,4680,4755,4822,4888,4941,4993,5037,5082,5119,5149,5171,5186,5201,5209,5216,5223,5231,5238,5261,5290,5328,5372,5417,5469,5521,5588,5655,5729,5804,5893,5975,6072,6169,6265,6377,6481,6600,6712,6838,6957,7084,7218,7352,7486,7620,7761,7903,8044,8193,8334,8483,8632,8781,8930,9019,9116,9205,9302,9398,9488,9584,9681,9770,9867,9964,10053,10150,10247,10336,10433,10530,10619,10716,10812
88,?????,1766,1901,2036,2181,2316,2452,2597,2732,2867,3003,3138,3273,3409,3534,3670,3795,3921,4047,4172,4298,4414,4530,4646,4762,4878,4984,5091,5197,5303,5400,5497,5593,5680,5777,5864,5941,6028,6106,6173,6251,6318,6386,6444,6512,6570,6618,6676,6743,6801,6869,6937,7014,7082,7159,7246,7323,7410,7507,7594,7691,7787,7884,7990,8097,8203,8309,8425,8541,8657,8773,8889,9015,9141,9266,9392,9518,9653,9779,9914,10049,10185,10320,10455,10591,10736,10871,11006,11151,11287,11432,11538,11644,11750,11857,11973,12079,12185,12292,12408,12514
89,????,1707,1809,1920,2022,2134,2245,2347,2458,2569,2672,2783,2894,2996,3107,3218,3321,3432,3543,3645,3756,3867,3970,4081,4192,4294,4405,4516,4619,4730,4841,4943,5054,5165,5268,5379,5490,5592,5703,5814,5917,6028,6130,6241,6352,6455,6566,6677,6779,6890,7001,7104,7215,7326,7428,7539,7650,7753,7864,7975,8077,8188,8299,8402,8513,8624,8726,8837,8948,9051,9162,9273,9375,9486,9597,9700,9811,9922,10024,10135,10247,10349,10460,10562,10674,10785,10887,10998,11109,11212,11323,11434,11536,11647,11758,11861,11972,12083,12185,12296,12407
90,????????[??],1793,1842,1900,1969,2028,2097,2175,2244,2322,2411,2489,2578,2666,2754,2852,2951,3049,3157,3255,3363,3481,3588,3706,3824,3942,4060,4187,4305,4432,4560,4697,4825,4962,5090,5227,5365,5502,5640,5777,5914,6062,6199,6336,6484,6621,6768,6906,7053,7190,7328,7475,7612,7750,7887,8024,8162,8299,8427,8564,8692,8829,8957,9084,9202,9330,9447,9565,9683,9801,9909,10026,10134,10233,10340,10439,10537,10635,10723,10812,10900,10978,11067,11145,11214,11292,11361,11420,11489,11548,11607,11714,11822,11930,12038,12156,12264,12372,12480,12598,12706
91,???(Saber),1656,1665,1674,1692,1719,1755,1791,1828,1882,1927,1991,2054,2118,2190,2272,2354,2444,2535,2635,2734,2843,2952,3061,3178,3305,3432,3559,3686,3822,3967,4103,4248,4393,4538,4692,4846,5000,5155,5309,5463,5626,5780,5943,6106,6261,6424,6587,6741,6904,7058,7212,7366,7521,7675,7829,7974,8119,8264,8400,8545,8681,8808,8935,9062,9189,9306,9415,9524,9633,9732,9832,9923,10013,10095,10177,10249,10313,10376,10439,10485,10539,10575,10594,10612,10630,10648,10666,10684,10702,10721,10820,10920,11020,11119,11228,11328,11428,11527,11636,11736
92,???(Assassin),1477,1565,1661,1750,1846,1942,2031,2127,2223,2312,2408,2504,2592,2688,2785,2873,2969,3065,3154,3250,3346,3435,3531,3627,3716,3812,3908,3996,4093,4189,4277,4373,4469,4558,4654,4750,4839,4935,5031,5120,5216,5305,5401,5497,5585,5681,5777,5866,5962,6058,6147,6243,6339,6428,6524,6620,6709,6805,6901,6989,7086,7182,7270,7366,7462,7551,7647,7743,7832,7928,8024,8113,8209,8305,8394,8490,8586,8674,8770,8867,8955,9051,9140,9236,9332,9421,9517,9613,9702,9798,9894,9982,10078,10175,10263,10359,10455,10544,10640,10736
93,????,1695,1852,2019,2177,2344,2502,2669,2826,2984,3142,3290,3448,3596,3745,3893,4032,4171,4311,4440,4570,4700,4821,4941,5053,5164,5275,5377,5470,5563,5656,5730,5813,5888,5953,6018,6073,6120,6166,6203,6240,6268,6296,6314,6324,6333,6342,6352,6361,6370,6389,6416,6454,6491,6537,6583,6639,6704,6769,6843,6927,7001,7094,7186,7279,7381,7493,7604,7715,7836,7956,8086,8216,8346,8485,8624,8764,8912,9060,9209,9367,9515,9673,9830,9988,10155,10313,10480,10638,10805,10972,11074,11176,11278,11380,11491,11593,11695,11797,11908,12011
94,?????,1489,1608,1727,1846,1965,2092,2211,2330,2442,2561,2680,2792,2904,3015,3127,3239,3343,3455,3552,3656,3760,3857,3954,4043,4133,4222,4311,4393,4475,4557,4632,4706,4773,4840,4907,4967,5026,5078,5138,5183,5235,5280,5339,5391,5451,5510,5577,5644,5712,5786,5860,5942,6024,6106,6196,6285,6374,6464,6561,6657,6762,6866,6963,7075,7179,7290,7402,7514,7626,7737,7857,7976,8087,8207,8326,8452,8572,8691,8810,8937,9026,9123,9212,9309,9406,9495,9592,9689,9778,9875,9972,10061,10158,10255,10344,10441,10538,10627,10724,10821
95,???,1429,1566,1711,1855,1993,2130,2268,2406,2544,2676,2801,2933,3052,3171,3290,3403,3509,3616,3716,3810,3898,3985,4067,4142,4205,4267,4330,4380,4424,4462,4493,4518,4537,4549,4556,4562,4568,4581,4600,4625,4656,4694,4737,4788,4850,4913,4976,5051,5132,5220,5308,5402,5502,5609,5715,5828,5947,6066,6185,6317,6442,6574,6712,6849,6987,7125,7263,7407,7551,7696,7783,7871,7965,8053,8147,8234,8328,8416,8510,8598,8692,8780,8874,8961,9055,9143,9237,9325,9419,9507,9601,9688,9782,9870,9964,10052,10146,10234,10328,10415
96,??? ???????,1953,1963,1974,1995,2027,2070,2113,2156,2220,2273,2348,2423,2498,2583,2679,2775,2882,2989,3107,3224,3353,3481,3609,3748,3898,4047,4197,4347,4507,4678,4838,5009,5180,5351,5533,5715,5896,6078,6260,6441,6634,6816,7008,7200,7382,7574,7767,7948,8141,8323,8504,8686,8868,9049,9231,9402,9573,9744,9904,10075,10236,10385,10535,10685,10834,10973,11101,11230,11358,11476,11593,11700,11807,11903,11999,12085,12160,12234,12309,12363,12427,12469,12491,12512,12534,12555,12576,12598,12619,12641,12758,12876,12993,13111,13239,13357,13474,13592,13720,13838
97,????,1573,1616,1667,1727,1779,1839,1908,1969,2037,2115,2184,2261,2339,2416,2502,2589,2675,2769,2856,2950,3054,3148,3252,3355,3458,3562,3674,3777,3889,4001,4121,4233,4354,4466,4586,4707,4827,4948,5069,5189,5318,5439,5559,5689,5809,5938,6059,6188,6309,6429,6558,6679,6799,6920,7040,7161,7282,7394,7514,7626,7747,7859,7970,8074,8186,8289,8392,8496,8599,8694,8797,8892,8978,9073,9159,9245,9331,9409,9486,9564,9632,9710,9779,9839,9908,9968,10020,10080,10132,10184,10278,10373,10468,10562,10666,10760,10855,10950,11053,11148
98,????[Alter],1979,2163,2357,2541,2736,2920,3115,3299,3483,3667,3841,4025,4198,4371,4544,4707,4869,5031,5183,5335,5486,5627,5768,5898,6027,6157,6276,6385,6493,6601,6688,6785,6872,6948,7023,7088,7143,7197,7240,7283,7316,7348,7370,7381,7392,7402,7413,7424,7435,7456,7489,7532,7576,7630,7684,7749,7825,7900,7987,8084,8171,8279,8387,8496,8615,8745,8875,9005,9145,9286,9438,9589,9741,9903,10066,10228,10401,10574,10748,10932,11105,11289,11473,11657,11852,12036,12231,12415,12610,12805,12924,13043,13162,13281,13411,13530,13649,13768,13898,14017
99,????,1591,1686,1782,1878,1974,2078,2174,2269,2365,2470,2565,2661,2757,2861,2957,3053,3149,3253,3349,3445,3540,3636,3741,3836,3932,4028,4132,4228,4324,4420,4524,4620,4716,4811,4916,5012,5107,5203,5299,5403,5499,5595,5691,5795,5891,5987,6082,6187,6282,6378,6474,6578,6674,6770,6866,6961,7066,7162,7257,7353,7458,7553,7649,7745,7849,7945,8041,8137,8241,8337,8433,8528,8624,8729,8824,8920,9016,9120,9216,9312,9408,9512,9608,9704,9799,9904,10000,10095,10191,10296,10391,10487,10583,10679,10783,10879,10974,11070,11175,11270
100,?????????,1438,1524,1617,1704,1797,1891,1977,2070,2164,2250,2344,2437,2523,2617,2710,2797,2890,2984,3070,3163,3257,3343,3437,3530,3616,3710,3803,3890,3983,4077,4163,4256,4350,4436,4530,4623,4709,4803,4896,4983,5076,5162,5256,5349,5436,5529,5623,5709,5802,5896,5982,6076,6169,6255,6349,6442,6529,6622,6716,6802,6895,6989,7075,7169,7262,7349,7442,7535,7622,7715,7809,7895,7989,8082,8168,8262,8355,8442,8535,8629,8715,8808,8895,8988,9082,9168,9261,9355,9441,9535,9628,9714,9808,9901,9988,10081,10175,10261,10354,10448
101,??,1642,1773,1904,2036,2167,2307,2438,2569,2693,2824,2955,3079,3202,3325,3448,3571,3686,3809,3916,4031,4146,4253,4360,4458,4557,4655,4754,4844,4935,5025,5107,5189,5263,5337,5411,5477,5542,5600,5665,5715,5772,5821,5887,5945,6010,6076,6150,6224,6298,6380,6462,6552,6643,6733,6831,6930,7029,7127,7234,7341,7456,7571,7677,7801,7915,8039,8162,8285,8408,8531,8663,8794,8917,9049,9180,9320,9451,9583,9714,9854,9952,10059,10157,10264,10371,10469,10576,10683,10781,10888,10995,11094,11200,11307,11406,11512,11619,11718,11824,11931
102,???,1608,1616,1632,1656,1680,1720,1760,1809,1857,1921,1986,2050,2130,2211,2299,2388,2484,2589,2702,2806,2927,3048,3168,3297,3434,3570,3707,3852,3997,4142,4295,4447,4600,4753,4914,5067,5228,5389,5550,5702,5863,6024,6185,6338,6499,6652,6805,6957,7110,7255,7400,7545,7681,7818,7955,8084,8204,8325,8446,8550,8663,8768,8864,8953,9041,9122,9202,9266,9331,9395,9443,9492,9524,9548,9572,9588,9604,9620,9636,9653,9749,9854,9950,10055,10159,10256,10360,10465,10562,10666,10771,10867,10972,11076,11173,11278,11382,11479,11583,11688
103,???????,1325,1431,1537,1643,1749,1861,1967,2073,2173,2279,2385,2484,2584,2683,2782,2882,2975,3074,3160,3253,3346,3432,3518,3598,3677,3757,3836,3909,3982,4055,4121,4187,4247,4307,4366,4419,4472,4519,4572,4611,4658,4698,4751,4797,4850,4903,4963,5022,5082,5148,5215,5287,5360,5433,5513,5592,5672,5751,5837,5924,6016,6109,6195,6295,6388,6487,6586,6686,6785,6885,6991,7097,7196,7302,7408,7521,7627,7733,7839,7952,8031,8117,8197,8283,8369,8449,8535,8621,8700,8787,8873,8952,9038,9124,9204,9290,9376,9456,9542,9628
104,????,1273,1351,1429,1513,1591,1675,1753,1836,1915,1998,2077,2160,2239,2322,2400,2484,2562,2646,2724,2808,2886,2970,3048,3132,3210,3294,3372,3456,3534,3618,3696,3780,3858,3942,4020,4104,4182,4266,4344,4427,4506,4589,4668,4751,4830,4913,4991,5075,5153,5237,5315,5399,5477,5561,5639,5723,5801,5885,5963,6047,6125,6209,6287,6371,6449,6533,6611,6695,6773,6857,6935,7013,7097,7175,7259,7337,7420,7499,7582,7661,7744,7823,7906,7984,8068,8146,8230,8308,8392,8470,8554,8632,8716,8794,8878,8956,9040,9118,9202,9280
105,????,1279,1357,1436,1520,1598,1682,1761,1845,1924,2008,2086,2171,2249,2333,2412,2496,2575,2659,2737,2822,2900,2984,3063,3147,3226,3310,3388,3472,3551,3635,3714,3798,3876,3961,4039,4123,4202,4286,4365,4449,4527,4611,4690,4774,4853,4937,5015,5100,5178,5262,5341,5425,5504,5588,5666,5750,5829,5913,5992,6076,6154,6239,6317,6401,6480,6564,6643,6727,6805,6890,6968,7047,7131,7209,7293,7372,7456,7535,7619,7697,7782,7860,7944,8023,8107,8186,8270,8348,8433,8511,8595,8674,8758,8837,8921,8999,9083,9162,9246,9325
106,??[Alter],2046,2057,2068,2090,2124,2169,2213,2258,2325,2381,2460,2538,2617,2706,2807,2908,3020,3132,3255,3378,3512,3647,3781,3927,4084,4240,4397,4554,4722,4901,5069,5248,5427,5606,5797,5987,6178,6368,6558,6749,6950,7141,7342,7544,7734,7936,8137,8328,8529,8720,8910,9100,9291,9481,9671,9851,10030,10209,10377,10556,10724,10881,11037,11194,11351,11497,11631,11765,11900,12023,12146,12258,12370,12471,12572,12661,12740,12818,12896,12952,13020,13064,13087,13109,13132,13154,13176,13199,13221,13244,13367,13490,13613,13736,13871,13994,14117,14240,14374,14498
107,?????,1008,1078,1152,1223,1297,1372,1442,1517,1592,1662,1737,1807,1882,1957,2027,2101,2176,2246,2321,2391,2466,2541,2611,2686,2761,2831,2906,2976,3050,3125,3195,3270,3345,3415,3490,3560,3635,3710,3780,3855,3929,4000,4074,4144,4219,4294,4364,4439,4514,4584,4659,4729,4804,4878,4949,5023,5098,5168,5243,5313,5388,5463,5533,5608,5683,5753,5827,5898,5972,6047,6117,6192,6267,6337,6412,6482,6557,6632,6702,6776,6851,6921,6996,7066,7141,7216,7286,7361,7436,7506,7581,7651,7725,7800,7870,7945,8020,8090,8165,8235
108,?????,1786,1952,2128,2294,2470,2636,2812,2978,3144,3310,3467,3633,3789,3946,4102,4249,4395,4542,4679,4815,4952,5079,5206,5324,5441,5558,5666,5764,5861,5959,6037,6125,6203,6272,6340,6399,6448,6497,6536,6575,6604,6633,6653,6663,6673,6682,6692,6702,6712,6731,6760,6800,6839,6888,6936,6995,7063,7132,7210,7298,7376,7474,7572,7669,7777,7894,8012,8129,8256,8383,8520,8657,8793,8940,9087,9233,9390,9546,9702,9869,10025,10191,10357,10523,10699,10866,11041,11208,11384,11560,11667,11775,11882,11990,12107,12214,12322,12429,12547,12654
109,??(Assassin),1493,1612,1731,1851,1970,2097,2217,2336,2448,2567,2687,2799,2911,3023,3135,3247,3351,3463,3560,3665,3769,3866,3963,4053,4143,4232,4322,4404,4486,4568,4643,4717,4785,4852,4919,4979,5038,5091,5150,5195,5247,5292,5352,5404,5464,5524,5591,5658,5725,5800,5874,5957,6039,6121,6210,6300,6390,6479,6576,6673,6778,6882,6979,7091,7196,7308,7420,7532,7644,7756,7875,7995,8106,8226,8345,8472,8592,8711,8831,8958,9047,9144,9234,9331,9428,9517,9614,9711,9801,9898,9995,10085,10182,10279,10368,10465,10562,10652,10749,10846
110,?????,1241,1279,1322,1371,1420,1469,1524,1584,1643,1703,1769,1839,1910,1981,2057,2133,2215,2297,2379,2466,2553,2645,2732,2825,2918,3016,3114,3206,3304,3408,3506,3604,3707,3811,3909,4012,4110,4213,4317,4415,4513,4616,4714,4807,4905,5003,5096,5188,5275,5368,5455,5542,5624,5705,5787,5863,5940,6010,6081,6152,6217,6277,6337,6397,6451,6500,6549,6598,6642,6686,6762,6838,6920,6996,7078,7154,7235,7312,7393,7470,7551,7627,7709,7785,7867,7943,8025,8101,8183,8259,8341,8417,8499,8575,8657,8733,8814,8891,8972,9049
111,?????[???],1372,1481,1591,1701,1811,1928,2037,2147,2250,2360,2470,2573,2676,2779,2882,2985,3081,3184,3273,3369,3465,3555,3644,3726,3809,3891,3973,4049,4124,4200,4269,4337,4399,4461,4523,4577,4632,4680,4735,4777,4825,4866,4921,4969,5024,5079,5140,5202,5264,5333,5401,5477,5552,5628,5710,5793,5875,5957,6047,6136,6232,6328,6417,6520,6616,6719,6822,6925,7028,7131,7241,7351,7454,7564,7674,7790,7900,8010,8120,8237,8319,8408,8491,8580,8669,8751,8841,8930,9012,9101,9191,9273,9362,9452,9534,9623,9712,9795,9884,9973
112,????,1853,1994,2136,2289,2430,2572,2725,2867,3008,3150,3292,3434,3576,3708,3850,3982,4114,4246,4377,4509,4631,4753,4874,4996,5118,5229,5341,5452,5564,5665,5767,5868,5959,6061,6152,6233,6324,6405,6476,6557,6628,6699,6760,6831,6892,6943,7004,7075,7135,7206,7277,7359,7430,7511,7602,7683,7774,7876,7967,8068,8170,8271,8383,8494,8606,8717,8839,8961,9082,9204,9326,9458,9589,9721,9853,9985,10127,10259,10401,10542,10684,10826,10968,11110,11262,11404,11546,11698,11840,11993,12104,12216,12327,12439,12560,12672,12783,12895,13017,13128
113,????,1801,1810,1820,1840,1869,1909,1948,1988,2047,2096,2165,2234,2303,2382,2471,2559,2658,2757,2865,2973,3092,3210,3328,3456,3594,3732,3870,4008,4156,4314,4462,4620,4777,4935,5103,5270,5438,5605,5773,5940,6118,6285,6463,6640,6808,6985,7163,7330,7508,7675,7843,8010,8178,8346,8513,8671,8829,8986,9134,9292,9440,9578,9716,9854,9992,10120,10238,10356,10475,10583,10692,10790,10889,10977,11066,11145,11214,11283,11352,11401,11460,11500,11520,11539,11559,11579,11598,11618,11638,11658,11766,11874,11983,12091,12209,12318,12426,12535,12653,12761
114,???,1786,1834,1893,1961,2020,2088,2167,2235,2313,2401,2479,2567,2655,2743,2841,2938,3036,3144,3241,3349,3466,3573,3691,3808,3925,4042,4169,4287,4414,4541,4677,4804,4941,5068,5205,5342,5479,5615,5752,5889,6035,6172,6309,6456,6592,6739,6876,7022,7159,7296,7442,7579,7716,7853,7989,8126,8263,8390,8527,8654,8791,8918,9045,9162,9289,9406,9523,9641,9758,9865,9983,10090,10188,10295,10393,10491,10588,10676,10764,10852,10930,11018,11096,11165,11243,11311,11370,11438,11497,11556,11663,11770,11878,11985,12103,12210,12318,12425,12542,12650
115,????(Rider),1636,1791,1955,2118,2282,2437,2601,2757,2912,3068,3215,3362,3509,3657,3796,3927,4066,4189,4320,4434,4557,4663,4770,4876,4966,5064,5146,5228,5301,5375,5432,5490,5539,5588,5629,5662,5686,5702,5719,5727,5735,5743,5752,5760,5784,5817,5858,5907,5956,6013,6071,6144,6218,6300,6382,6480,6570,6676,6783,6889,7012,7126,7257,7380,7519,7650,7789,7936,8084,8231,8378,8534,8689,8845,9008,9164,9328,9491,9655,9819,9917,10023,10121,10228,10334,10432,10539,10645,10743,10850,10956,11054,11161,11267,11365,11471,11578,11676,11782,11889
116,????,1606,1654,1710,1766,1830,1895,1967,2031,2111,2184,2264,2352,2433,2521,2617,2714,2810,2906,3011,3115,3220,3332,3436,3557,3669,3782,3902,4023,4143,4271,4392,4520,4649,4769,4898,5034,5163,5291,5420,5548,5685,5813,5942,6070,6199,6335,6464,6584,6713,6841,6962,7090,7210,7331,7451,7564,7676,7797,7901,8013,8118,8222,8327,8423,8519,8616,8712,8800,8881,8969,9049,9122,9202,9266,9338,9403,9467,9523,9579,9636,9732,9836,9933,10037,10141,10238,10342,10447,10543,10647,10752,10848,10952,11057,11153,11258,11362,11458,11563,11667
117,?????,1316,1443,1575,1708,1835,1962,2089,2216,2343,2465,2580,2702,2811,2921,3031,3135,3233,3331,3423,3510,3591,3672,3747,3816,3874,3932,3989,4036,4076,4111,4139,4163,4180,4191,4197,4203,4209,4220,4238,4261,4290,4324,4365,4411,4469,4526,4584,4653,4729,4809,4890,4977,5069,5167,5266,5370,5479,5589,5699,5820,5936,6057,6184,6311,6438,6565,6692,6825,6958,7091,7171,7252,7339,7420,7506,7587,7674,7755,7841,7922,8009,8090,8176,8257,8344,8425,8511,8592,8679,8759,8846,8927,9014,9094,9181,9262,9349,9429,9516,9597
118,??????,1850,1961,2072,2183,2295,2416,2528,2639,2750,2872,2983,3094,3206,3327,3438,3550,3661,3783,3894,4005,4117,4228,4349,4461,4572,4683,4805,4916,5027,5139,5260,5372,5483,5594,5716,5827,5938,6050,6161,6282,6394,6505,6616,6738,6849,6961,7072,7193,7305,7416,7527,7649,7760,7871,7983,8094,8216,8327,8438,8550,8671,8782,8894,9005,9126,9238,9349,9460,9582,9693,9805,9916,10027,10149,10260,10371,10483,10604,10715,10827,10938,11060,11171,11282,11394,11515,11626,11738,11849,11971,12082,12193,12304,12416,12537,12649,12760,12871,12993,13104
119,??????????(Lancer),1699,1801,1903,2005,2108,2219,2321,2424,2526,2637,2740,2842,2944,3056,3158,3260,3362,3474,3576,3679,3781,3883,3995,4097,4199,4301,4413,4515,4617,4720,4831,4934,5036,5138,5250,5352,5454,5556,5659,5770,5872,5975,6077,6188,6291,6393,6495,6607,6709,6811,6914,7025,7127,7230,7332,7434,7546,7648,7750,7852,7964,8066,8169,8271,8382,8485,8587,8689,8801,8903,9005,9107,9210,9321,9423,9526,9628,9740,9842,9944,10046,10158,10260,10362,10465,10576,10678,10781,10883,10995,11097,11199,11301,11404,11515,11617,11720,11822,11933,12036
120,?????,1510,1653,1804,1955,2106,2249,2400,2544,2687,2831,2967,3103,3238,3374,3503,3624,3752,3865,3986,4092,4205,4303,4401,4499,4582,4673,4748,4824,4892,4960,5013,5066,5111,5156,5194,5224,5247,5262,5277,5285,5292,5300,5307,5315,5337,5368,5405,5451,5496,5549,5602,5670,5738,5813,5889,5979,6062,6160,6258,6357,6470,6576,6696,6810,6938,7059,7187,7323,7459,7595,7731,7874,8018,8161,8312,8456,8607,8758,8909,9060,9150,9248,9339,9437,9535,9626,9724,9822,9913,10011,10109,10200,10298,10396,10486,10585,10683,10773,10872,10970
121,????(Saber),1658,1666,1682,1707,1732,1774,1815,1865,1915,1981,2047,2114,2196,2279,2371,2462,2561,2669,2785,2893,3017,3142,3266,3399,3540,3681,3821,3971,4120,4269,4427,4584,4742,4899,5065,5223,5388,5554,5720,5878,6043,6209,6375,6533,6698,6856,7013,7171,7329,7478,7627,7776,7917,8058,8199,8332,8456,8580,8705,8813,8929,9036,9136,9227,9318,9401,9484,9551,9617,9683,9733,9783,9816,9841,9866,9882,9899,9915,9932,9949,10048,10156,10255,10363,10471,10570,10678,10786,10885,10993,11101,11200,11308,11416,11515,11623,11731,11831,11938,12046
122,????,1622,1630,1646,1670,1695,1735,1776,1824,1873,1938,2003,2068,2149,2230,2319,2408,2506,2611,2725,2830,2952,3074,3195,3325,3463,3601,3739,3885,4031,4177,4331,4485,4640,4794,4956,5110,5272,5435,5597,5751,5913,6076,6238,6392,6554,6708,6862,7017,7171,7317,7463,7609,7747,7885,8023,8152,8274,8396,8518,8623,8737,8842,8939,9029,9118,9199,9280,9345,9410,9475,9524,9572,9605,9629,9653,9670,9686,9702,9718,9735,9832,9937,10035,10140,10246,10343,10448,10554,10651,10757,10862,10960,11065,11171,11268,11373,11479,11576,11682,11787
123,??,1695,1796,1906,2008,2118,2229,2330,2441,2551,2653,2763,2873,2975,3085,3195,3297,3407,3517,3619,3729,3839,3941,4051,4162,4263,4374,4484,4585,4696,4806,4908,5018,5128,5230,5340,5450,5552,5662,5772,5874,5984,6086,6196,6307,6408,6518,6629,6730,6841,6951,7053,7163,7273,7375,7485,7595,7697,7807,7917,8019,8129,8240,8341,8451,8562,8663,8774,8884,8986,9096,9206,9308,9418,9528,9630,9740,9850,9952,10062,10173,10274,10384,10486,10596,10707,10808,10919,11029,11131,11241,11351,11453,11563,11673,11775,11885,11995,12097,12207,12317
124,?????,1232,1329,1431,1529,1631,1729,1826,1929,2026,2118,2215,2307,2399,2491,2583,2669,2755,2836,2923,2999,3080,3155,3231,3301,3366,3436,3496,3561,3620,3674,3728,3777,3825,3869,3912,3950,3993,4036,4085,4133,4187,4242,4301,4366,4425,4496,4560,4631,4706,4782,4863,4939,5025,5106,5193,5279,5371,5463,5555,5647,5744,5836,5933,6036,6133,6230,6333,6430,6533,6636,6711,6787,6868,6944,7025,7100,7181,7257,7338,7414,7495,7570,7651,7727,7808,7884,7965,8041,8122,8197,8278,8354,8435,8511,8592,8667,8748,8824,8905,8981
125,???,1306,1346,1391,1443,1494,1546,1603,1666,1729,1792,1861,1935,2010,2084,2164,2245,2330,2416,2502,2594,2685,2783,2874,2972,3069,3172,3275,3373,3476,3584,3688,3791,3899,4008,4111,4220,4323,4432,4541,4644,4747,4856,4959,5056,5159,5262,5360,5457,5548,5646,5737,5829,5915,6001,6087,6167,6247,6321,6396,6470,6539,6602,6665,6728,6785,6837,6888,6940,6986,7032,7112,7192,7278,7358,7444,7524,7610,7690,7776,7856,7942,8022,8108,8188,8274,8354,8440,8520,8606,8686,8772,8852,8938,9018,9104,9184,9270,9351,9436,9517
126,????,1416,1428,1440,1465,1490,1527,1571,1614,1670,1726,1794,1863,1943,2024,2111,2198,2297,2397,2502,2614,2726,2844,2968,3086,3217,3347,3478,3614,3751,3887,4024,4167,4304,4446,4589,4732,4869,5012,5148,5285,5422,5558,5689,5819,5950,6074,6192,6310,6422,6533,6639,6738,6838,6925,7012,7092,7173,7241,7310,7366,7422,7465,7508,7540,7564,7577,7589,7602,7614,7627,7713,7800,7894,7981,8074,8161,8254,8341,8434,8521,8614,8701,8794,8881,8974,9061,9154,9241,9335,9421,9515,9602,9695,9782,9875,9962,10055,10142,10235,10322
127,?????????,1637,1681,1735,1798,1852,1914,1986,2049,2120,2201,2273,2353,2434,2515,2604,2694,2784,2882,2972,3070,3178,3276,3384,3491,3599,3706,3823,3931,4047,4164,4289,4405,4531,4647,4773,4898,5024,5149,5275,5400,5535,5660,5785,5920,6045,6180,6305,6440,6565,6691,6825,6950,7076,7201,7327,7452,7578,7694,7820,7936,8062,8178,8295,8402,8519,8626,8734,8841,8949,9047,9155,9253,9343,9442,9531,9621,9710,9791,9872,9952,10024,10105,10176,10239,10311,10373,10427,10490,10544,10598,10696,10795,10893,10992,11099,11198,11296,11395,11503,11601
128,???(Lancer),1657,1756,1856,1956,2056,2164,2264,2364,2464,2572,2672,2772,2872,2981,3080,3180,3280,3389,3488,3588,3688,3788,3897,3996,4096,4196,4305,4404,4504,4604,4713,4813,4912,5012,5121,5221,5320,5420,5520,5629,5728,5828,5928,6037,6137,6236,6336,6445,6545,6644,6744,6853,6953,7053,7152,7252,7361,7461,7560,7660,7769,7869,7969,8068,8177,8277,8377,8476,8585,8685,8785,8884,8984,9093,9193,9293,9392,9501,9601,9701,9800,9909,10009,10109,10209,10317,10417,10517,10617,10726,10825,10925,11025,11125,11233,11333,11433,11533,11641,11741
129,??????????(Archer),1742,1846,1951,2056,2161,2275,2380,2485,2590,2704,2809,2914,3019,3133,3238,3343,3448,3562,3667,3772,3877,3982,4096,4201,4306,4411,4525,4630,4735,4840,4954,5059,5164,5269,5383,5488,5593,5698,5803,5917,6022,6127,6232,6346,6451,6556,6661,6775,6880,6985,7090,7204,7309,7414,7519,7624,7738,7843,7948,8053,8167,8272,8377,8482,8596,8701,8806,8911,9025,9130,9235,9340,9445,9559,9664,9769,9874,9988,10093,10198,10303,10417,10522,10627,10732,10846,10951,11056,11161,11276,11380,11485,11590,11695,11809,11914,12019,12124,12238,12343
130,????????(Caster),1510,1653,1804,1955,2106,2249,2400,2544,2687,2831,2967,3103,3238,3374,3503,3624,3752,3865,3986,4092,4205,4303,4401,4499,4582,4673,4748,4824,4892,4960,5013,5066,5111,5156,5194,5224,5247,5262,5277,5285,5292,5300,5307,5315,5337,5368,5405,5451,5496,5549,5602,5670,5738,5813,5889,5979,6062,6160,6258,6357,6470,6576,6696,6810,6938,7059,7187,7323,7459,7595,7731,7874,8018,8161,8312,8456,8607,8758,8909,9060,9150,9248,9339,9437,9535,9626,9724,9822,9913,10011,10109,10200,10298,10396,10486,10585,10683,10773,10872,10970
131,?????&?????(Archer),1574,1621,1676,1731,1794,1857,1928,1991,2069,2140,2219,2306,2384,2471,2565,2660,2754,2849,2951,3053,3156,3266,3368,3486,3597,3707,3825,3943,4061,4187,4305,4431,4557,4675,4801,4935,5061,5187,5313,5439,5572,5698,5824,5950,6076,6210,6336,6454,6580,6706,6824,6950,7068,7186,7304,7415,7525,7643,7745,7855,7958,8060,8162,8257,8351,8446,8540,8627,8706,8792,8871,8942,9020,9083,9154,9217,9280,9335,9390,9446,9540,9642,9737,9839,9941,10036,10138,10241,10335,10437,10540,10634,10737,10839,10933,11036,11138,11232,11335,11437
132,????(Rider),1535,1657,1780,1903,2026,2156,2279,2402,2517,2640,2763,2878,2993,3108,3223,3339,3446,3561,3661,3769,3876,3976,4076,4168,4260,4352,4444,4529,4613,4697,4774,4851,4920,4989,5058,5120,5181,5235,5296,5342,5396,5442,5504,5557,5619,5680,5749,5818,5887,5964,6041,6125,6210,6294,6386,6478,6571,6663,6763,6862,6970,7077,7177,7292,7400,7515,7630,7745,7860,7976,8098,8221,8336,8459,8582,8712,8835,8958,9081,9212,9304,9403,9496,9595,9695,9787,9887,9987,10079,10179,10279,10371,10471,10570,10662,10762,10862,10954,11054,11154
133,???(Assassin),1508,1598,1696,1787,1885,1983,2073,2171,2269,2360,2458,2556,2646,2744,2842,2933,3031,3129,3219,3317,3415,3506,3604,3702,3792,3890,3988,4079,4177,4275,4366,4464,4562,4652,4750,4848,4939,5037,5135,5225,5323,5414,5512,5610,5700,5798,5896,5987,6085,6183,6273,6371,6469,6560,6658,6756,6847,6945,7043,7133,7231,7329,7420,7518,7616,7706,7804,7902,7993,8091,8189,8279,8377,8475,8566,8664,8762,8852,8950,9049,9139,9237,9328,9426,9524,9614,9712,9810,9901,9999,10097,10187,10285,10383,10474,10572,10670,10760,10858,10956
134,??(Lancer),1489,1578,1675,1764,1861,1958,2047,2144,2241,2330,2427,2524,2613,2710,2807,2896,2993,3090,3179,3276,3373,3462,3559,3656,3745,3842,3939,4028,4125,4222,4311,4408,4505,4594,4691,4788,4877,4974,5071,5160,5257,5346,5443,5540,5629,5726,5823,5912,6009,6106,6195,6292,6389,6478,6575,6672,6761,6858,6955,7044,7141,7238,7327,7424,7521,7610,7707,7804,7893,7990,8087,8176,8273,8370,8459,8556,8653,8742,8839,8936,9025,9122,9211,9308,9405,9494,9591,9688,9777,9874,9971,10060,10157,10254,10343,10440,10537,10626,10723,10820
135,???(Ruler),1591,1686,1789,1885,1988,2092,2187,2291,2394,2489,2593,2696,2792,2895,2999,3094,3197,3301,3396,3500,3603,3699,3802,3905,4001,4104,4208,4303,4407,4510,4605,4709,4812,4908,5011,5115,5210,5313,5417,5512,5616,5711,5815,5918,6013,6117,6220,6316,6419,6523,6618,6721,6825,6920,7024,7127,7223,7326,7429,7525,7628,7732,7827,7931,8034,8130,8233,8336,8432,8535,8639,8734,8838,8941,9036,9140,9243,9339,9442,9546,9641,9744,9840,9943,10047,10142,10246,10349,10444,10548,10651,10747,10850,10954,11049,11152,11256,11351,11455,11558
136,??????,1677,1833,1998,2154,2319,2475,2640,2796,2953,3109,3255,3412,3558,3705,3852,3990,4128,4265,4394,4522,4651,4770,4890,5000,5110,5220,5321,5413,5505,5596,5670,5752,5826,5890,5954,6009,6055,6101,6138,6175,6202,6230,6248,6257,6267,6276,6285,6294,6303,6322,6349,6386,6423,6468,6514,6569,6634,6698,6771,6854,6927,7019,7111,7203,7304,7414,7524,7634,7754,7873,8002,8130,8259,8396,8534,8672,8819,8965,9112,9268,9415,9571,9727,9883,10049,10205,10370,10526,10691,10857,10957,11058,11159,11260,11371,11472,11573,11674,11784,11885
137,?????????,1640,1795,1959,2124,2288,2444,2608,2764,2919,3075,3223,3371,3518,3666,3806,3937,4076,4199,4331,4446,4569,4675,4782,4889,4979,5077,5159,5241,5315,5389,5447,5504,5553,5603,5644,5676,5701,5717,5734,5742,5750,5758,5767,5775,5799,5832,5873,5923,5972,6029,6087,6160,6234,6316,6398,6497,6587,6694,6800,6907,7030,7145,7276,7399,7539,7670,7810,7957,8105,8253,8400,8556,8712,8868,9032,9188,9352,9516,9680,9845,9943,10050,10148,10255,10361,10460,10567,10673,10772,10878,10985,11083,11190,11297,11395,11502,11609,11707,11814,11920
138,????????[??],1649,1805,1970,2135,2300,2457,2622,2779,2936,3092,3241,3389,3538,3686,3827,3959,4099,4223,4355,4470,4594,4701,4808,4916,5006,5105,5188,5270,5345,5419,5477,5534,5584,5633,5675,5708,5732,5749,5765,5774,5782,5790,5798,5807,5831,5864,5906,5955,6005,6062,6120,6194,6269,6351,6434,6533,6623,6731,6838,6945,7069,7184,7316,7440,7580,7712,7853,8001,8150,8298,8447,8603,8760,8917,9082,9239,9404,9569,9734,9899,9998,10105,10204,10311,10418,10517,10625,10732,10831,10938,11045,11144,11252,11359,11458,11565,11672,11771,11879,11986
139,??????,1713,1816,1919,2022,2125,2238,2341,2444,2547,2659,2763,2866,2969,3081,3184,3288,3391,3503,3606,3709,3813,3916,4028,4131,4234,4338,4450,4553,4656,4759,4872,4975,5078,5181,5294,5397,5500,5603,5706,5819,5922,6025,6128,6241,6344,6447,6550,6663,6766,6869,6972,7084,7188,7291,7394,7497,7609,7713,7816,7919,8031,8134,8238,8341,8453,8556,8659,8763,8875,8978,9081,9184,9288,9400,9503,9606,9709,9822,9925,10028,10131,10244,10347,10450,10553,10666,10769,10872,10975,11088,11191,11294,11397,11500,11613,11716,11819,11922,12034,12138
140,?????[Extra],1462,1469,1483,1505,1527,1564,1600,1644,1688,1747,1805,1864,1937,2010,2090,2171,2259,2354,2456,2551,2661,2771,2880,2997,3122,3246,3370,3502,3633,3765,3904,4043,4182,4321,4467,4606,4752,4899,5045,5184,5330,5476,5623,5762,5908,6047,6186,6325,6464,6595,6727,6858,6983,7107,7231,7348,7458,7568,7678,7773,7875,7970,8058,8138,8219,8292,8365,8423,8482,8540,8584,8628,8657,8679,8701,8716,8731,8745,8760,8775,8862,8957,9045,9140,9235,9323,9418,9513,9601,9696,9791,9879,9974,10069,10157,10252,10347,10435,10530,10625
141,???Alter?Santa?Lily,1543,1689,1844,1998,2152,2299,2453,2600,2747,2893,3032,3171,3310,3449,3580,3704,3835,3951,4074,4182,4298,4398,4498,4599,4684,4776,4854,4931,5000,5070,5124,5178,5224,5270,5309,5340,5363,5378,5394,5402,5409,5417,5425,5432,5456,5486,5525,5571,5618,5672,5726,5795,5865,5942,6019,6112,6196,6297,6397,6497,6613,6721,6845,6961,7092,7215,7346,7485,7624,7763,7902,8049,8195,8342,8496,8643,8797,8952,9106,9261,9353,9453,9546,9646,9747,9839,9940,10040,10133,10233,10333,10426,10526,10627,10719,10820,10920,11012,11113,11213
142,????,1893,2006,2120,2234,2348,2473,2587,2701,2814,2939,3053,3167,3281,3405,3519,3633,3747,3871,3985,4099,4213,4327,4451,4565,4679,4793,4917,5031,5145,5259,5383,5497,5611,5725,5850,5964,6078,6191,6305,6430,6544,6658,6772,6896,7010,7124,7238,7362,7476,7590,7704,7828,7942,8056,8170,8284,8408,8522,8636,8750,8874,8988,9102,9216,9341,9455,9569,9682,9807,9921,10035,10149,10263,10387,10501,10615,10729,10853,10967,11081,11195,11319,11433,11547,11661,11785,11899,12013,12127,12252,12365,12479,12593,12707,12832,12946,13060,13173,13298,13412
143,???,1666,1820,1984,2139,2303,2458,2622,2777,2932,3087,3233,3388,3534,3680,3826,3962,4099,4236,4363,4491,4618,4737,4855,4965,5074,5184,5284,5375,5466,5557,5630,5712,5785,5849,5913,5967,6013,6058,6095,6131,6159,6186,6204,6213,6223,6232,6241,6250,6259,6277,6305,6341,6377,6423,6469,6523,6587,6651,6724,6806,6879,6970,7061,7152,7252,7362,7471,7580,7699,7817,7945,8073,8200,8337,8474,8610,8756,8902,9048,9203,9349,9504,9658,9813,9977,10132,10296,10451,10615,10780,10880,10980,11080,11181,11290,11390,11490,11591,11700,11800
144,???????,1854,1965,2077,2188,2300,2422,2533,2645,2757,2878,2990,3102,3213,3335,3447,3558,3670,3792,3903,4015,4126,4238,4360,4471,4583,4695,4816,4928,5040,5151,5273,5385,5496,5608,5730,5841,5953,6065,6176,6298,6410,6521,6633,6755,6866,6978,7089,7211,7323,7434,7546,7668,7779,7891,8003,8114,8236,8348,8459,8571,8693,8804,8916,9027,9149,9261,9372,9484,9606,9717,9829,9941,10052,10174,10286,10397,10509,10631,10742,10854,10966,11087,11199,11311,11422,11544,11656,11767,11879,12001,12112,12224,12335,12447,12569,12680,12792,12904,13025,13137
145,?????(Caster),1410,1452,1501,1551,1607,1663,1727,1783,1854,1917,1988,2065,2136,2213,2298,2382,2467,2552,2643,2735,2827,2925,3017,3123,3221,3320,3426,3532,3637,3750,3856,3969,4081,4187,4300,4420,4533,4645,4758,4871,4991,5104,5217,5329,5442,5562,5675,5781,5893,6006,6112,6225,6330,6436,6542,6641,6739,6845,6937,7035,7127,7219,7310,7395,7480,7564,7649,7726,7797,7874,7945,8008,8079,8135,8199,8255,8311,8361,8410,8460,8544,8636,8720,8812,8904,8988,9080,9172,9256,9348,9439,9524,9616,9707,9792,9884,9975,10060,10152,10243
146,???(Lancer),1375,1485,1595,1705,1815,1932,2042,2152,2255,2365,2475,2578,2681,2784,2888,2991,3087,3190,3280,3376,3472,3562,3651,3734,3816,3899,3981,4057,4133,4208,4277,4346,4408,4470,4532,4587,4642,4690,4745,4786,4834,4875,4930,4979,5034,5089,5151,5212,5274,5343,5412,5488,5563,5639,5721,5804,5886,5969,6058,6148,6244,6340,6430,6533,6629,6732,6836,6939,7042,7145,7255,7365,7468,7578,7689,7805,7915,8026,8136,8253,8335,8424,8507,8596,8686,8768,8858,8947,9030,9119,9209,9291,9380,9470,9552,9642,9731,9814,9903,9993
147,???,1784,1792,1810,1837,1864,1908,1953,2007,2060,2131,2203,2274,2363,2453,2551,2649,2756,2872,2997,3113,3247,3381,3514,3657,3809,3960,4112,4273,4433,4594,4763,4933,5102,5272,5450,5620,5798,5977,6155,6325,6503,6682,6860,7030,7208,7378,7547,7717,7886,8047,8207,8368,8520,8671,8823,8966,9100,9233,9367,9483,9608,9724,9831,9929,10027,10117,10206,10277,10349,10420,10474,10527,10563,10590,10616,10634,10652,10670,10688,10706,10813,10929,11036,11152,11268,11375,11491,11607,11714,11830,11946,12053,12169,12285,12392,12508,12624,12731,12847,12963
148,??,1304,1429,1561,1692,1818,1944,2070,2196,2321,2441,2556,2676,2784,2893,3002,3105,3202,3299,3391,3476,3556,3636,3711,3779,3837,3894,3951,3997,4037,4071,4100,4122,4140,4151,4157,4163,4168,4180,4197,4220,4248,4283,4323,4368,4426,4483,4540,4609,4683,4763,4843,4929,5020,5117,5215,5318,5426,5535,5643,5764,5878,5998,6124,6250,6375,6501,6627,6758,6890,7022,7102,7182,7267,7347,7433,7513,7599,7679,7765,7845,7931,8011,8096,8177,8262,8342,8428,8508,8594,8674,8760,8840,8926,9006,9091,9171,9257,9337,9423,9503
149,????,2101,2227,2353,2480,2606,2744,2871,2997,3124,3261,3388,3514,3641,3779,3905,4032,4158,4296,4422,4549,4675,4802,4940,5066,5193,5319,5457,5583,5710,5836,5974,6101,6227,6354,6492,6618,6744,6871,6997,7135,7262,7388,7515,7653,7779,7905,8032,8170,8296,8423,8549,8687,8814,8940,9066,9193,9331,9457,9584,9710,9848,9975,10101,10227,10365,10492,10618,10745,10883,11009,11136,11262,11388,11526,11653,11779,11906,12044,12170,12297,12423,12561,12687,12814,12940,13078,13205,13331,13458,13596,13722,13848,13975,14101,14239,14366,14492,14619,14756,14883
150,??,1629,1673,1727,1789,1843,1905,1976,2039,2110,2190,2262,2342,2422,2502,2592,2681,2770,2868,2957,3055,3162,3260,3367,3474,3581,3688,3804,3911,4027,4143,4268,4384,4509,4625,4749,4874,4999,5124,5249,5374,5507,5632,5757,5891,6016,6149,6274,6408,6533,6658,6791,6916,7041,7166,7291,7416,7540,7656,7781,7897,8022,8138,8254,8361,8477,8584,8691,8798,8905,9003,9110,9208,9297,9395,9484,9574,9663,9743,9823,9903,9975,10055,10126,10189,10260,10323,10376,10438,10492,10546,10644,10742,10840,10938,11045,11143,11241,11339,11446,11544
151,????,2268,2492,2717,2941,3166,3390,3615,3839,4064,4288,4535,4760,4984,5209,5433,5658,5882,6107,6331,6556,6803,7028,7252,7477,7701,7926,8150,8375,8599,8824,9071,9295,9520,9744,9969,10193,10418,10642,10867,11092,11339,11563,11788,12012,12237,12461,12686,12910,13135,13359,13606,13831,14055,14280,14504,14729,14953,15178,15403,15627,15874,16099,16323,16548,16772,16997,17221,17446,17670,17895,18142,18366,18591,18815,19040,19264,19489,19713,19938,20163,20410,20634,20859,21083,21308,21532,21757,21981,22206,22430,22677,22902,23126,23351,23575,23800,24024,24249,24474,24721
152,???,1645,1744,1843,1942,2041,2149,2248,2347,2446,2554,2653,2752,2851,2959,3058,3157,3256,3364,3464,3563,3662,3761,3869,3968,4067,4166,4274,4373,4472,4571,4679,4778,4877,4976,5084,5183,5283,5382,5481,5589,5688,5787,5886,5994,6093,6192,6291,6399,6498,6597,6696,6804,6903,7002,7102,7201,7309,7408,7507,7606,7714,7813,7912,8011,8119,8218,8317,8416,8524,8623,8722,8821,8921,9029,9128,9227,9326,9434,9533,9632,9731,9839,9938,10037,10136,10244,10343,10442,10541,10650,10749,10848,10947,11046,11154,11253,11352,11451,11559,11658
153,????,1860,1971,2083,2195,2307,2429,2541,2653,2765,2887,2999,3111,3223,3345,3457,3569,3681,3803,3915,4027,4139,4251,4373,4485,4597,4709,4831,4943,5055,5167,5289,5401,5513,5625,5747,5859,5971,6083,6195,6317,6429,6541,6653,6775,6887,6999,7111,7233,7345,7457,7569,7691,7803,7915,8027,8139,8261,8373,8485,8597,8719,8831,8943,9055,9177,9289,9401,9513,9635,9747,9859,9971,10083,10205,10317,10429,10540,10663,10775,10886,10998,11121,11233,11344,11456,11579,11690,11802,11914,12037,12148,12260,12372,12484,12606,12718,12830,12942,13064,13176
154,???,1831,1841,1851,1871,1901,1941,1981,2021,2081,2131,2201,2271,2341,2422,2512,2602,2702,2802,2912,3023,3143,3263,3383,3513,3654,3794,3934,4074,4225,4385,4535,4695,4856,5016,5186,5356,5527,5697,5867,6038,6218,6388,6569,6749,6919,7099,7280,7450,7630,7801,7971,8141,8311,8482,8652,8812,8973,9133,9283,9443,9594,9734,9874,10014,10155,10285,10405,10525,10645,10756,10866,10966,11066,11156,11246,11327,11397,11467,11537,11587,11647,11687,11707,11727,11747,11767,11787,11807,11827,11848,11958,12068,12178,12288,12408,12519,12629,12739,12859,12969
